code,market,issue,issue_short,industry,unit,info,topix100,tracking
1301-T,東証1部,極洋,極洋,水産・農林業,1000,貸借銘柄,,
1332-T,東証1部,日本水産,日水,水産・農林業,100,貸借銘柄,,
1333-T,東証1部,マルハニチロ,マルハニチロ,水産・農林業,100,貸借銘柄,,
1352-T,東証1部,ホウスイ,ホウスイ,卸売業,1000,制度信用銘柄,,
1377-T,東証1部,サカタのタネ,サカタのタネ,水産・農林業,100,貸借銘柄,,
1379-T,東証1部,ホクト,ホクト,水産・農林業,100,貸借銘柄,,
1414-T,東証1部,ショーボンドホールディングス,ショーボンド,建設業,100,貸借銘柄,,
1417-T,東証1部,ミライト・ホールディングス,ミライトＨＤ,建設業,100,貸借銘柄,,
1419-T,東証1部,タマホーム,タマホーム,建設業,100,貸借銘柄,,
1420-T,東証1部,サンヨーホームズ,サンヨーＨ,建設業,100,貸借銘柄,,
1514-T,東証1部,住石ホールディングス,住石ＨＤ,鉱業,100,貸借銘柄,,
1515-T,東証1部,日鉄鉱業,日鉄鉱,鉱業,1000,貸借銘柄,,
1518-T,東証1部,三井松島産業,三井松島,鉱業,1000,貸借銘柄,,
1605-T,東証1部,国際石油開発帝石,国際帝石,鉱業,100,貸借銘柄/TOPIX100,1,
1606-T,東証1部,日本海洋掘削,海洋掘削,鉱業,100,貸借銘柄,,
1662-T,東証1部,石油資源開発,石油資源,鉱業,100,貸借銘柄,,
1663-T,東証1部,K&Oエナジーグループ,Ｋ＆Ｏエナジー,鉱業,100,貸借銘柄,,
1712-T,東証1部,ダイセキ環境ソリューション,ダイセキＳ,建設業,100,貸借銘柄,,
1719-T,東証1部,安藤・間,安藤ハザマ,建設業,100,貸借銘柄,,
1720-T,東証1部,東急建設,東急建設,建設業,100,貸借銘柄,,
1721-T,東証1部,コムシスホールディングス,コムシスＨＤ,建設業,100,貸借銘柄,,
1722-T,東証1部,ミサワホーム,ＭＩＳＡＷＡ,建設業,100,貸借銘柄,,
1762-T,東証1部,高松コンストラクショングループ,高松Ｇ,建設業,100,貸借銘柄,,
1766-T,東証1部,東建コーポレーション,東建コーポ,建設業,100,貸借銘柄,,
1780-T,東証1部,ヤマウラ,ヤマウラ,建設業,100,貸借銘柄,,
1801-T,東証1部,大成建設,大成建,建設業,1000,貸借銘柄,,
1802-T,東証1部,大林組,大林組,建設業,1000,貸借銘柄,,
1803-T,東証1部,清水建設,清水建,建設業,1000,貸借銘柄,,
1805-T,東証1部,飛島建設,飛島建,建設業,100,貸借銘柄,,
1808-T,東証1部,長谷工コーポレーション,長谷工,建設業,100,貸借銘柄,,
1810-T,東証1部,松井建設,松井建,建設業,1000,貸借銘柄,,
1811-T,東証1部,錢高組,銭高組,建設業,1000,貸借銘柄,,
1812-T,東証1部,鹿島建設,鹿島,建設業,1000,貸借銘柄,,
1813-T,東証1部,不動テトラ,不動テトラ,建設業,100,貸借銘柄,,
1814-T,東証1部,大末建設,大末建,建設業,100,貸借銘柄,,
1815-T,東証1部,鉄建建設,鉄建,建設業,1000,貸借銘柄,,
1819-T,東証1部,日鉄住金テックスエンジ,日鉄住金テクスエンジ,建設業,1000,貸借銘柄,,
1820-T,東証1部,西松建設,西松建,建設業,1000,貸借銘柄,,
1821-T,東証1部,三井住友建設,三住建設,建設業,100,貸借銘柄,,
1822-T,東証1部,大豊建設,大豊建,建設業,1000,貸借銘柄,,
1824-T,東証1部,前田建設工業,前田建,建設業,1000,貸借銘柄,,
1826-T,東証1部,佐田建設,佐田建,建設業,1000,貸借銘柄,,
1827-T,東証1部,ナカノフドー建設,ナカノフドー,建設業,100,貸借銘柄,,
1833-T,東証1部,奥村組,奥村組,建設業,1000,貸借銘柄,,
1834-T,東証1部,大和小田急建設,大和小田,建設業,100,制度信用銘柄,,
1835-T,東証1部,東鉄工業,東鉄工,建設業,100,貸借銘柄,,
1847-T,東証1部,イチケン,イチケン,建設業,1000,制度信用銘柄,,
1852-T,東証1部,淺沼組,浅沼組,建設業,1000,貸借銘柄,,
1860-T,東証1部,戸田建設,戸田建,建設業,1000,貸借銘柄,,
1861-T,東証1部,熊谷組,熊谷組,建設業,1000,貸借銘柄,,
1865-T,東証1部,青木あすなろ建設,青木あす,建設業,100,制度信用銘柄,,
1866-T,東証1部,北野建設,北野建,建設業,1000,貸借銘柄,,
1867-T,東証1部,植木組,植木組,建設業,1000,貸借銘柄,,
1868-T,東証1部,三井ホーム,三井ホーム,建設業,1000,貸借銘柄,,
1870-T,東証1部,矢作建設工業,矢作建,建設業,100,貸借銘柄,,
1871-T,東証1部,ピーエス三菱,ＰＳ三菱,建設業,100,制度信用銘柄,,
1873-T,東証1部,日本ハウスホールディングス,日本ハウスＨＤ,建設業,100,制度信用銘柄,,
1878-T,東証1部,大東建託,大東建,建設業,100,貸借銘柄/TOPIX100,1,
1879-T,東証1部,新日本建設,新日本建,建設業,100,貸借銘柄,,
1881-T,東証1部,NIPPO,ＮＩＰＰＯ,建設業,1000,貸借銘柄,,
1882-T,東証1部,東亜道路工業,東亜道,建設業,1000,貸借銘柄,,
1883-T,東証1部,前田道路,前田道,建設業,1000,貸借銘柄,,
1884-T,東証1部,日本道路,日道路,建設業,1000,貸借銘柄,,
1885-T,東証1部,東亜建設工業,東亜建,建設業,1000,貸借銘柄,,
1888-T,東証1部,若築建設,若築建,建設業,1000,貸借銘柄,,
1890-T,東証1部,東洋建設,東洋建,建設業,100,貸借銘柄,,
1893-T,東証1部,五洋建設,五洋建,建設業,100,貸借銘柄,,
1896-T,東証1部,大林道路,大林道,建設業,1000,貸借銘柄,,
1898-T,東証1部,世紀東急工業,世紀東急,建設業,100,制度信用銘柄,,
1899-T,東証1部,福田組,福田組,建設業,1000,貸借銘柄,,
1909-T,東証1部,日本ドライケミカル,日本ドライケミカル,機械,100,制度信用銘柄,,
1911-T,東証1部,住友林業,住友林,建設業,100,貸借銘柄,,
1914-T,東証1部,日本基礎技術,日基礎,建設業,100,貸借銘柄,,
1916-T,東証1部,日成ビルド工業,日成ビルト,建設業,1000,貸借銘柄,,
1919-T,東証1部,ヤマダ・エスバイエルホーム,ヤマダＳＸＬ,建設業,1000,貸借銘柄,,
1921-T,東証1部,巴コーポレーション,巴,建設業,100,貸借銘柄,,
1924-T,東証1部,パナホーム,パナホーム,建設業,1000,貸借銘柄,,
1925-T,東証1部,大和ハウス工業,大和ハウス,建設業,100,貸借銘柄/TOPIX100,1,
1926-T,東証1部,ライト工業,ライト工,建設業,100,貸借銘柄,,
1928-T,東証1部,積水ハウス,積水ハウス,建設業,100,貸借銘柄/TOPIX100,1,
1929-T,東証1部,日特建設,日特建,建設業,100,貸借銘柄,,
1930-T,東証1部,北陸電気工事,北陸電工,建設業,1000,貸借銘柄,,
1934-T,東証1部,ユアテック,ユアテック,建設業,1000,貸借銘柄,,
1937-T,東証1部,西部電気工業,西部電工,建設業,1000,貸借銘柄,,
1939-T,東証1部,四電工,四電工,建設業,1000,貸借銘柄,,
1941-T,東証1部,中電工,中電工,建設業,100,貸借銘柄,,
1942-T,東証1部,関電工,関電工,建設業,1000,貸借銘柄,,
1944-T,東証1部,きんでん,きんでん,建設業,1000,貸借銘柄,,
1945-T,東証1部,東京エネシス,東京エネシス,建設業,1000,貸借銘柄,,
1946-T,東証1部,トーエネック,トーエネック,建設業,1000,貸借銘柄,,
1949-T,東証1部,住友電設,住友電設,建設業,100,貸借銘柄,,
1950-T,東証1部,日本電設工業,日本電設,建設業,100,貸借銘柄,,
1951-T,東証1部,協和エクシオ,協エクシオ,建設業,100,貸借銘柄,,
1952-T,東証1部,新日本空調,新日空調,建設業,100,貸借銘柄,,
1954-T,東証1部,日本工営,日工営,サービス業,1000,貸借銘柄,,
1956-T,東証1部,NDS,ＮＤＳ,建設業,1000,貸借銘柄,,
1959-T,東証1部,九電工,九電工,建設業,1000,貸借銘柄,,
1961-T,東証1部,三機工業,三機工,建設業,100,貸借銘柄,,
1963-T,東証1部,日揮,日揮,建設業,1000,貸借銘柄/TOPIX100,1,
1964-T,東証1部,中外炉工業,中外炉,建設業,1000,貸借銘柄,,
1967-T,東証1部,ヤマト,ヤマト,建設業,1000,貸借銘柄,,
1968-T,東証1部,太平電業,太平電,建設業,1000,貸借銘柄,,
1969-T,東証1部,高砂熱学工業,高砂熱,建設業,100,貸借銘柄,,
1972-T,東証1部,三晃金属工業,三晃金,建設業,1000,貸借銘柄,,
1973-T,東証1部,NECネッツエスアイ,ＮＥＳＩＣ,情報・通信業,100,貸借銘柄,,
1975-T,東証1部,朝日工業社,朝日工,建設業,1000,貸借銘柄,,
1976-T,東証1部,明星工業,明星工業,建設業,100,貸借銘柄,,
1979-T,東証1部,大氣社,大気社,建設業,100,貸借銘柄,,
1980-T,東証1部,ダイダン,ダイダン,建設業,1000,貸借銘柄,,
1982-T,東証1部,日比谷総合設備,日比谷設,建設業,100,貸借銘柄,,
1983-T,東証1部,東芝プラントシステム,東芝プラ,建設業,100,貸借銘柄,,
2001-T,東証1部,日本製粉,日粉,食料品,1000,貸借銘柄,,
2002-T,東証1部,日清製粉グループ本社,日清粉Ｇ,食料品,100,貸借銘柄,,
2003-T,東証1部,日東富士製粉,日東富士,食料品,1000,制度信用銘柄,,
2004-T,東証1部,昭和産業,昭和産,食料品,1000,貸借銘柄,,
2009-T,東証1部,鳥越製粉,鳥越粉,食料品,100,制度信用銘柄,,
2053-T,東証1部,中部飼料,中部飼料,食料品,100,貸借銘柄,,
2060-T,東証1部,フィード・ワンホールディングス,フィード・ワンＨＤ,食料品,100,貸借銘柄,,
2107-T,東証1部,東洋精糖,洋糖,食料品,1000,制度信用銘柄,,
2108-T,東証1部,日本甜菜製糖,甜菜糖,食料品,1000,貸借銘柄,,
2109-T,東証1部,三井製糖,三井製糖,食料品,1000,貸借銘柄,,
2112-T,東証1部,塩水港精糖,塩水糖,食料品,100,貸借銘柄,,
2120-T,東証1部,ネクスト,ネクスト,サービス業,100,制度信用銘柄,,
2127-T,東証1部,日本M&Aセンター,日本Ｍ＆Ａ,サービス業,100,貸借銘柄,,
2128-T,東証1部,ノバレーゼ,ノバレーゼ,サービス業,100,貸借銘柄,,
2131-T,東証1部,アコーディア・ゴルフ,アコーディア,サービス業,100,貸借銘柄,,
2151-T,東証1部,タケエイ,タケエイ,サービス業,100,制度信用銘柄,,
2154-T,東証1部,トラスト・テック,トラスト・テック,サービス業,100,制度信用銘柄,,
2168-T,東証1部,パソナグループ,パソナ,サービス業,100,貸借銘柄,,
2169-T,東証1部,CDS,ＣＤＳ,サービス業,100,貸借銘柄,,
2170-T,東証1部,リンクアンドモチベーション,ＬＩＮＫ＆Ｍ,サービス業,100,貸借銘柄,,
2174-T,東証1部,GCAサヴィアン,ＧＣＡ,サービス業,100,貸借銘柄,,
2175-T,東証1部,エス・エム・エス,ＳＭＳ,サービス業,100,制度信用銘柄,,
2181-T,東証1部,テンプホールディングス,テンプＨＤ,サービス業,100,貸借銘柄,,
2183-T,東証1部,リニカル,リニカル,サービス業,100,制度信用銘柄,,
2193-T,東証1部,クックパッド,ＣＯＯＫＰＡＤ,サービス業,100,制度信用銘柄,,
2196-T,東証1部,エスクリ,エスクリ,サービス業,100,制度信用銘柄,,
2198-T,東証1部,アイ・ケイ・ケイ,アイ・ケイ・ケイ,サービス業,100,貸借銘柄,,
2201-T,東証1部,森永製菓,森永菓,食料品,1000,貸借銘柄,,
2204-T,東証1部,中村屋,中村屋,食料品,1000,貸借銘柄,,
2206-T,東証1部,江崎グリコ,グリコ,食料品,100,貸借銘柄,,
2207-T,東証1部,名糖産業,名糖産,食料品,100,制度信用銘柄,,
2211-T,東証1部,不二家,不二家,食料品,1000,貸借銘柄,,
2212-T,東証1部,山崎製パン,山崎パン,食料品,1000,貸借銘柄,,
2215-T,東証1部,第一屋製パン,第一パン,食料品,1000,貸借銘柄,,
2217-T,東証1部,モロゾフ,モロゾフ,食料品,1000,貸借銘柄,,
2220-T,東証1部,亀田製菓,亀田菓,食料品,100,貸借銘柄,,
2222-T,東証1部,寿スピリッツ,寿スピリッツ,食料品,100,貸借銘柄,,
2229-T,東証1部,カルビー,カルビー,食料品,100,貸借銘柄,,
2264-T,東証1部,森永乳業,森永乳,食料品,1000,貸借銘柄,,
2266-T,東証1部,六甲バター,六甲バター,食料品,100,貸借銘柄,,
2267-T,東証1部,ヤクルト本社,ヤクルト,食料品,100,貸借銘柄,,
2269-T,東証1部,明治ホールディングス,明治ＨＤ,食料品,100,貸借銘柄,,
2270-T,東証1部,雪印メグミルク,雪印メグ,食料品,100,貸借銘柄,,
2281-T,東証1部,プリマハム,プリマハム,食料品,1000,貸借銘柄,,
2282-T,東証1部,日本ハム,日ハム,食料品,1000,貸借銘柄,,
2284-T,東証1部,伊藤ハム,伊藤ハム,食料品,1000,貸借銘柄,,
2286-T,東証1部,林兼産業,林兼産,食料品,1000,貸借銘柄,,
2288-T,東証1部,丸大食品,丸大食,食料品,1000,貸借銘柄,,
2290-T,東証1部,米久,米久,食料品,100,貸借銘柄,,
2292-T,東証1部,エスフーズ,Ｓ　ＦＯＯＤＳ,食料品,100,貸借銘柄,,
2301-T,東証1部,学情,学情,サービス業,100,貸借銘柄,,
2305-T,東証1部,スタジオアリス,スタジオアリス,サービス業,100,貸借銘柄,,
2309-T,東証1部,シミックホールディングス,シミックＨＤ,サービス業,100,貸借銘柄,,
2317-T,東証1部,システナ,システナ,情報・通信業,100,貸借銘柄,,
2325-T,東証1部,NJS,ＮＪＳ,サービス業,100,貸借銘柄,,
2326-T,東証1部,デジタルアーツ,デジアーツ,情報・通信業,100,貸借銘柄,,
2327-T,東証1部,新日鉄住金ソリューションズ,ＮＳＳＯＬ,情報・通信業,100,貸借銘柄,,
2331-T,東証1部,綜合警備保障,ＡＬＳＯＫ,サービス業,100,貸借銘柄,,
2335-T,東証1部,キューブシステム,キューブシステム,情報・通信業,100,貸借銘柄,,
2353-T,東証1部,日本駐車場開発,日駐,不動産業,100,制度信用銘柄,,
2359-T,東証1部,コア,コア,情報・通信業,100,貸借銘柄,,
2371-T,東証1部,カカクコム,カカクコム,サービス業,100,貸借銘柄,,
2372-T,東証1部,アイロムホールディングス,アイロムＨＤ,サービス業,100,貸借銘柄,,
2378-T,東証1部,ルネサンス,ルネサンス,サービス業,100,貸借銘柄,,
2379-T,東証1部,ディップ,ディップ,サービス業,100,貸借銘柄,,
2384-T,東証1部,SBSホールディングス,ＳＢＳＨＤ,陸運業,100,貸借銘柄,,
2389-T,東証1部,オプトホールディング,オプトホールディング,サービス業,100,貸借銘柄,,
2395-T,東証1部,新日本科学,新日科学,サービス業,100,貸借銘柄,,
2398-T,東証1部,ツクイ,ツクイ,サービス業,100,貸借銘柄,,
2399-T,東証1部,綜合臨床ホールディングス,綜合臨床ＨＤ,サービス業,100,制度信用銘柄,,
2410-T,東証1部,キャリアデザインセンター,キャリアＤＣ,サービス業,100,貸借銘柄,,
2413-T,東証1部,エムスリー,エムスリー,サービス業,100,貸借銘柄,,
2418-T,東証1部,ツカダ・グローバルホールディング,ツカダグローバルＨＤ,サービス業,100,貸借銘柄,,
2427-T,東証1部,アウトソーシング,アウトソシング,サービス業,100,貸借銘柄,,
2428-T,東証1部,ウェルネット,ウェルネット,サービス業,100,貸借銘柄,,
2432-T,東証1部,ディー・エヌ・エー,ディーエヌエー,サービス業,100,貸借銘柄,,
2433-T,東証1部,博報堂DYホールディングス,博報堂ＤＹ,サービス業,100,貸借銘柄,,
2440-T,東証1部,ぐるなび,ぐるなび,サービス業,100,貸借銘柄,,
2445-T,東証1部,エスアールジータカミヤ,ＳＲＧタカミヤ,サービス業,100,制度信用銘柄,,
2450-T,東証1部,一休,一休,サービス業,100,貸借銘柄,,
2453-T,東証1部,ジャパンベストレスキューシステム,ＪＢＲ,サービス業,100,貸借銘柄,,
2461-T,東証1部,ファンコミュニケーションズ,ファンコミ,サービス業,100,貸借銘柄,,
2462-T,東証1部,ジェイコムホールディングス,ジェイコムＨＤ,サービス業,100,貸借銘柄,,
2466-T,東証1部,PGMホールディングス,ＰＧＭ,サービス業,100,貸借銘柄,,
2475-T,東証1部,WDBホールディングス,ＷＤＢ,サービス業,100,制度信用銘柄,,
2485-T,東証1部,ティア,ティア,サービス業,100,貸借銘柄,,
2491-T,東証1部,バリューコマース,Ｖコマース,サービス業,100,貸借銘柄,,
2501-T,東証1部,サッポロホールディングス,サッポロＨＤ,食料品,1000,貸借銘柄,,
2502-T,東証1部,アサヒグループホールディングス,アサヒ,食料品,100,貸借銘柄/TOPIX100,1,
2503-T,東証1部,キリンホールディングス,キリンＨＤ,食料品,100,貸借銘柄/TOPIX100,1,
2531-T,東証1部,宝ホールディングス,宝ＨＬＤ,食料品,100,貸借銘柄,,
2533-T,東証1部,オエノンホールディングス,オエノンＨＤ,食料品,1000,貸借銘柄,,
2540-T,東証1部,養命酒製造,養命酒,食料品,1000,制度信用銘柄,,
2579-T,東証1部,コカ・コーラウエスト,コカウエスト,食料品,100,貸借銘柄,,
2580-T,東証1部,コカ・コーライーストジャパン,コカ・コーラＥＪ,食料品,100,貸借銘柄,,
2587-T,東証1部,サントリー食品インターナショナル,サントリーＢＦ,食料品,100,貸借銘柄,,
2590-T,東証1部,ダイドードリンコ,ＤｙＤｏ,食料品,100,貸借銘柄,,
2593-T,東証1部,伊藤園,伊藤園,食料品,100,貸借銘柄,,
25935-T,東証1部,伊藤園 第1種  優先,伊藤園−優,食料品,100,貸借銘柄,,
2594-T,東証1部,キーコーヒー,キーコーヒー,食料品,100,貸借銘柄,,
2597-T,東証1部,ユニカフェ,ユニカフェ,食料品,100,制度信用銘柄,,
2599-T,東証1部,ジャパンフーズ,ジャパンＦ,食料品,100,貸借銘柄,,
2602-T,東証1部,日清オイリオグループ,日清オイリオ,食料品,1000,貸借銘柄,,
2607-T,東証1部,不二製油,不二油,食料品,100,貸借銘柄,,
2612-T,東証1部,かどや製油,かどや油,食料品,100,制度信用銘柄,,
2613-T,東証1部,J-オイルミルズ,Ｊオイル,食料品,1000,貸借銘柄,,
2651-T,東証1部,ローソン,ローソン,小売業,100,貸借銘柄,,
2659-T,東証1部,サンエー,サンエー,小売業,100,貸借銘柄,,
2662-T,東証1部,ダイユーエイト,ダイユーエイト,小売業,100,制度信用銘柄,,
2664-T,東証1部,カワチ薬品,カワチ薬品,小売業,100,制度信用銘柄,,
2670-T,東証1部,エービーシー・マート,ＡＢＣマート,小売業,100,貸借銘柄,,
2674-T,東証1部,ハードオフコーポレーション,ハードオフ,小売業,100,貸借銘柄,,
2676-T,東証1部,高千穂交易,高千穂交,卸売業,100,貸借銘柄,,
2678-T,東証1部,アスクル,アスクル,小売業,100,貸借銘柄,,
2681-T,東証1部,ゲオホールディングス,ゲオＨＤ,小売業,100,貸借銘柄,,
2685-T,東証1部,アダストリア,アダストリア,小売業,100,貸借銘柄,,
2687-T,東証1部,シー・ヴイ・エス・ベイエリア,ＣＶＳベイ,小売業,1000,貸借銘柄,,
2692-T,東証1部,伊藤忠食品,伊藤忠食,卸売業,100,制度信用銘柄,,
2695-T,東証1部,くらコーポレーション,くら,小売業,100,貸借銘柄,,
2698-T,東証1部,キャンドゥ,キャンドゥ,小売業,100,貸借銘柄,,
2715-T,東証1部,エレマテック,エレマテック,卸売業,100,貸借銘柄,,
2726-T,東証1部,パル,パル,小売業,100,制度信用銘柄,,
2729-T,東証1部,JALUX,ＪＡＬＵＸ,卸売業,100,貸借銘柄,,
2730-T,東証1部,エディオン,エディオン,小売業,100,貸借銘柄,,
2733-T,東証1部,あらた,あらた,卸売業,1000,貸借銘柄,,
2734-T,東証1部,サーラコーポレーション,サーラ,小売業,100,貸借銘柄,,
2735-T,東証1部,ワッツ,ワッツ,小売業,100,制度信用銘柄,,
2737-T,東証1部,トーメンデバイス,トーメンデバ,卸売業,100,制度信用銘柄,,
2749-T,東証1部,JPホールディングス,ＪＰＨＤ,サービス業,100,貸借銘柄,,
2753-T,東証1部,あみやき亭,あみやき,小売業,100,制度信用銘柄,,
2760-T,東証1部,東京エレクトロン デバイス,東エレデバ,卸売業,100,貸借銘柄,,
2764-T,東証1部,ひらまつ,ひらまつ,小売業,100,制度信用銘柄,,
2767-T,東証1部,フィールズ,フィールズ,卸売業,100,制度信用銘柄,,
2768-T,東証1部,双日,双日,卸売業,100,貸借銘柄,,
2772-T,東証1部,ゲンキー,ゲンキー,小売業,100,貸借銘柄,,
2784-T,東証1部,アルフレッサ ホールディングス,アルフレッサＨＤ,卸売業,100,貸借銘柄,,
2786-T,東証1部,サッポロドラッグストアー,サッポロドラッグ,小売業,100,貸借銘柄,,
2791-T,東証1部,大黒天物産,大黒天,小売業,100,制度信用銘柄,,
2792-T,東証1部,ハニーズ,ハニーズ,小売業,100,貸借銘柄,,
2796-T,東証1部,ファーマライズホールディングス,ファーマライズＨＤ,小売業,100,貸借銘柄,,
2801-T,東証1部,キッコーマン,キッコマン,食料品,1000,貸借銘柄,,
2802-T,東証1部,味の素,味の素,食料品,1000,貸借銘柄/TOPIX100,1,
2809-T,東証1部,キユーピー,キユーピー,食料品,100,貸借銘柄,,
2810-T,東証1部,ハウス食品グループ本社,ハウス食Ｇ,食料品,100,貸借銘柄,,
2811-T,東証1部,カゴメ,カゴメ,食料品,100,貸借銘柄,,
2812-T,東証1部,焼津水産化学工業,焼津水,食料品,100,制度信用銘柄,,
2815-T,東証1部,アリアケジャパン,アリアケ,食料品,100,貸借銘柄,,
2819-T,東証1部,エバラ食品工業,エバラ食品工業,食料品,100,制度信用銘柄,,
2871-T,東証1部,ニチレイ,ニチレイ,食料品,1000,貸借銘柄,,
2874-T,東証1部,横浜冷凍,ヨコレイ,卸売業,100,貸借銘柄,,
2875-T,東証1部,東洋水産,東洋水産,食料品,100,貸借銘柄,,
2882-T,東証1部,イートアンド,イートアンド,食料品,100,貸借銘柄,,
2897-T,東証1部,日清食品ホールディングス,日清食ＨＤ,食料品,100,貸借銘柄,,
2899-T,東証1部,永谷園,永谷園,食料品,1000,貸借銘柄,,
2904-T,東証1部,一正蒲鉾,一正蒲鉾,食料品,100,貸借銘柄,,
2908-T,東証1部,フジッコ,フジッコ,食料品,1000,貸借銘柄,,
2910-T,東証1部,ロック・フィールド,ロックフィルド,食料品,100,貸借銘柄,,
2914-T,東証1部,日本たばこ産業,ＪＴ,食料品,100,貸借銘柄/TOPIX100,1,
2915-T,東証1部,ケンコーマヨネーズ,ケンコーマヨ,食料品,100,貸借銘柄,,
2918-T,東証1部,わらべや日洋,わらべや,食料品,100,貸借銘柄,,
2922-T,東証1部,なとり,なとり,食料品,100,貸借銘柄,,
2931-T,東証1部,ユーグレナ,ユーグレナ,食料品,100,貸借銘柄,,
3001-T,東証1部,片倉工業,片倉,繊維製品,100,貸借銘柄,,
3002-T,東証1部,グンゼ,グンゼ,繊維製品,1000,貸借銘柄,,
3003-T,東証1部,ヒューリック,ヒューリック,不動産業,100,貸借銘柄,,
3004-T,東証1部,神栄,神栄,卸売業,1000,貸借銘柄,,
3022-T,東証1部,山下医科器械,山下医,卸売業,100,貸借銘柄,,
3023-T,東証1部,ラサ商事,ラサ商事,卸売業,100,貸借銘柄,,
3028-T,東証1部,アルペン,アルペン,小売業,100,貸借銘柄,,
3034-T,東証1部,クオール,クオール,小売業,100,貸借銘柄,,
3036-T,東証1部,アルコニックス,アルコニックス,卸売業,100,貸借銘柄,,
3038-T,東証1部,神戸物産,神戸物産,卸売業,100,制度信用銘柄,,
3046-T,東証1部,ジェイアイエヌ,ＪＩＮ,小売業,100,貸借銘柄,,
3048-T,東証1部,ビックカメラ,ビックカメラ,小売業,100,貸借銘柄,,
3050-T,東証1部,DCMホールディングス,ＤＣＭ,小売業,100,貸借銘柄,,
3064-T,東証1部,MonotaRO,ＭＲＯ,小売業,100,貸借銘柄,,
3067-T,東証1部,東京一番フーズ,東京一番フーズ,小売業,100,貸借銘柄,,
3076-T,東証1部,あい ホールディングス,あいＨＤ,卸売業,100,貸借銘柄,,
3079-T,東証1部,ディーブイエックス,ＤＶｘ,卸売業,100,貸借銘柄,,
3082-T,東証1部,きちり,きちり,小売業,100,制度信用銘柄,,
3085-T,東証1部,アークランドサービス,ＡＬサービス,小売業,100,制度信用銘柄,,
3086-T,東証1部,J.フロント リテイリング,Ｊフロント,小売業,100,貸借銘柄,,
3087-T,東証1部,ドトール・日レスホールディングス,ドトル日レス,小売業,100,貸借銘柄,,
3088-T,東証1部,マツモトキヨシホールディングス,マツモトキヨシ,小売業,100,貸借銘柄,,
3091-T,東証1部,ブロンコビリー,ブロンコＢ,小売業,100,制度信用銘柄,,
3092-T,東証1部,スタートトゥデイ,スタートトゥ,小売業,100,貸借銘柄,,
3093-T,東証1部,トレジャー・ファクトリー,トレファク,小売業,100,制度信用銘柄,,
3097-T,東証1部,物語コーポレーション,物語コーポ,小売業,100,貸借銘柄,,
3098-T,東証1部,ココカラファイン,ココカラファイン,小売業,100,貸借銘柄,,
3099-T,東証1部,三越伊勢丹ホールディングス,ミツコシイセタン,小売業,100,貸借銘柄,,
3101-T,東証1部,東洋紡,東洋紡,繊維製品,1000,貸借銘柄,,
3103-T,東証1部,ユニチカ,ユニチカ,繊維製品,1000,貸借銘柄,,
3104-T,東証1部,富士紡ホールディングス,富士紡ＨＤ,繊維製品,1000,貸借銘柄,,
3105-T,東証1部,日清紡ホールディングス,日清紡ＨＤ,繊維製品,1000,貸借銘柄,,
3106-T,東証1部,倉敷紡績,クラボウ,繊維製品,1000,貸借銘柄,,
3107-T,東証1部,ダイワボウホールディングス,ダイワボＨＤ,卸売業,1000,貸借銘柄,,
3109-T,東証1部,シキボウ,シキボウ,繊維製品,1000,貸借銘柄,,
3110-T,東証1部,日東紡績,日東紡,ガラス土石製品,1000,貸借銘柄,,
3116-T,東証1部,トヨタ紡織,トヨタ紡織,輸送用機器,100,貸借銘柄,,
3132-T,東証1部,マクニカ・富士エレホールディングス,マクニカ富士エレＨＤ,卸売業,100,貸借銘柄,,
3141-T,東証1部,ウエルシアホールディングス,ウエルシアＨＤ,小売業,100,貸借銘柄,,
3148-T,東証1部,クリエイトSDホールディングス,クリエイトＳＤＨ,小売業,100,貸借銘柄,,
3151-T,東証1部,バイタルケーエスケー・ホールディングス,バイタルＫＳＫ,卸売業,100,貸借銘柄,,
3153-T,東証1部,八洲電機,八洲電機,卸売業,100,制度信用銘柄,,
3156-T,東証1部,UKCホールディングス,ＵＫＣＨＤ,卸売業,100,貸借銘柄,,
3159-T,東証1部,丸善CHIホールディングス,丸善ＣＨＩ,小売業,100,貸借銘柄,,
3166-T,東証1部,OCHIホールディングス,ＯＣＨＩ・ＨＤ,卸売業,100,制度信用銘柄,,
3167-T,東証1部,TOKAIホールディングス,ＴＯＫＡＩ　ＨＤ,卸売業,100,貸借銘柄,,
3169-T,東証1部,ミサワ,ミサワ,小売業,100,制度信用銘柄,,
3175-T,東証1部,エー・ピーカンパニー,ＡＰカンパニー,小売業,100,制度信用銘柄,,
3176-T,東証1部,三洋貿易,三洋貿易,卸売業,100,貸借銘柄,,
3178-T,東証1部,チムニー,チムニー,小売業,100,制度信用銘柄,,
3183-T,東証1部,ウイン・パートナーズ,ウイン・パートナーズ,卸売業,100,貸借銘柄,,
3186-T,東証1部,ネクステージ,ネクステージ,小売業,100,制度信用銘柄,,
3191-T,東証1部,ジョイフル本田,ジョイフル本田,小売業,100,貸借銘柄,,
3194-T,東証1部,キリン堂ホールディングス,キリン堂ＨＤ,小売業,100,制度信用銘柄,,
3197-T,東証1部,すかいらーく,すかいらーく,小売業,100,制度信用銘柄,,
3201-T,東証1部,日本毛織,ニッケ,繊維製品,1000,貸借銘柄,,
3202-T,東証1部,大東紡織,大東紡,繊維製品,1000,制度信用銘柄,,
3204-T,東証1部,トーア紡コーポレーション,トーア紡,繊維製品,1000,貸借銘柄,,
3205-T,東証1部,ダイドーリミテッド,ダイド—,繊維製品,100,貸借銘柄,,
3222-T,東証1部,ユナイテッド・スーパーマーケット・ホールディングス,Ｕ．Ｓ．Ｍ．Ｈ,小売業,100,貸借銘柄,,
3228-T,東証1部,三栄建築設計,東建不販,不動産業,100,貸借銘柄,,
3231-T,東証1部,野村不動産ホールディングス,三栄建築,不動産業,100,制度信用銘柄,,
3232-T,東証1部,三重交通グループホールディングス,野村不ＨＤ,不動産業,100,貸借銘柄,,
3252-T,東証1部,日本商業開発,三重交通ＧＨＤ,不動産業,100,貸借銘柄,,
3254-T,東証1部,プレサンスコーポレーション,日本商業開発,不動産業,100,貸借銘柄,,
3258-T,東証1部,常和ホールディングス,プレサンス,不動産業,100,制度信用銘柄,,
3276-T,東証1部,日本管理センター,常和ＨＤ,不動産業,100,貸借銘柄,,
3277-T,東証1部,サンセイランディック,日本管理,不動産業,100,貸借銘柄,,
3280-T,東証1部,エストラスト,サンセイランディック,不動産業,100,制度信用銘柄,,
3284-T,東証1部,フージャースホールディングス,エストラスト,不動産業,100,制度信用銘柄,,
3288-T,東証1部,オープンハウス,フージャース,不動産業,100,貸借銘柄,,
3289-T,東証1部,東急不動産ホールディングス,オープンハウス,不動産業,100,貸借銘柄,,
3291-T,東証1部,飯田グループホールディングス,東急不ＨＤ,不動産業,100,貸借銘柄,,
3302-T,東証1部,帝国繊維,飯田ＧＨＤ,繊維製品,100,貸借銘柄,,
3313-T,東証1部,ブックオフコーポレーション,帝繊維,小売業,100,制度信用銘柄,,
3315-T,東証1部,日本コークス工業,ブックオフ,石油石炭製品,100,貸借銘柄,,
3321-T,東証1部,ミタチ産業,日本コークス,卸売業,100,制度信用銘柄,,
3333-T,東証1部,あさひ,ミタチ,小売業,100,貸借銘柄,,
3341-T,東証1部,日本調剤,あさひ,小売業,100,制度信用銘柄,,
3349-T,東証1部,コスモス薬品,日本調剤,小売業,100,制度信用銘柄,,
3360-T,東証1部,シップヘルスケアホールディングス,コスモス薬品,卸売業,100,貸借銘柄,,
3361-T,東証1部,トーエル,シップＨＤ,小売業,100,貸借銘柄,,
3366-T,東証1部,一六堂,トーエル,小売業,100,制度信用銘柄,,
3371-T,東証1部,ソフトクリエイトホールディングス,一六堂,情報・通信業,100,制度信用銘柄,,
3382-T,東証1部,セブン&アイ・ホールディングス,ソフトクリエＨＤ,小売業,100,貸借銘柄/TOPIX100,1,
3385-T,東証1部,薬王堂,７＆ｉＨＤ,小売業,100,貸借銘柄,,
3387-T,東証1部,クリエイト・レストランツ・ホールディングス,薬王堂,小売業,100,制度信用銘柄,,
3388-T,東証1部,明治電機工業,クリレスＨＤ,卸売業,100,貸借銘柄,,
3391-T,東証1部,ツルハホールディングス,明治電機,小売業,100,制度信用銘柄,,
3392-T,東証1部,デリカフーズ,ツルハＨＤ,卸売業,100,貸借銘柄,,
3393-T,東証1部,スターティア,デリカフーズ,卸売業,100,制度信用銘柄,,
3395-T,東証1部,サンマルクホールディングス,スターティア,小売業,100,貸借銘柄,,
3396-T,東証1部,フェリシモ,サンマルクＨＤ,小売業,100,貸借銘柄,,
3397-T,東証1部,トリドール,フェリシモ,小売業,100,制度信用銘柄,,
3398-T,東証1部,クスリのアオキ,トリドール,小売業,100,貸借銘柄,,
3401-T,東証1部,帝人,クスリのアオキ,繊維製品,100,貸借銘柄,,
3402-T,東証1部,東レ,帝人,繊維製品,1000,貸借銘柄/TOPIX100,1,
3405-T,東証1部,クラレ,東レ,化学,1000,貸借銘柄,,
3407-T,東証1部,旭化成,クラレ,化学,100,貸借銘柄/TOPIX100,1,
3408-T,東証1部,サカイオーベックス,旭化成,繊維製品,1000,貸借銘柄,,
3421-T,東証1部,稲葉製作所,サカイオーベ,金属製品,1000,貸借銘柄,,
3431-T,東証1部,宮地エンジニアリンググループ,稲葉製作,金属製品,100,制度信用銘柄,,
3433-T,東証1部,トーカロ,宮地エンジ,金属製品,1000,貸借銘柄,,
3434-T,東証1部,アルファCo,トーカロ,金属製品,100,制度信用銘柄,,
3436-T,東証1部,SUMCO,アルファＣｏ,金属製品,100,制度信用銘柄,,
3443-T,東証1部,川田テクノロジーズ,ＳＵＭＣＯ,金属製品,100,貸借銘柄,,
3501-T,東証1部,住江織物,川田ＴＥＣＨ,繊維製品,100,貸借銘柄,,
3512-T,東証1部,日本フエルト,住江織物,繊維製品,1000,貸借銘柄,,
3513-T,東証1部,イチカワ,日フエルト,繊維製品,100,制度信用銘柄,,
3514-T,東証1部,日本バイリーン,イチカワ,繊維製品,1000,制度信用銘柄,,
3521-T,東証1部,エコナックホールディングス,日バイリーン,不動産業,1000,貸借銘柄,,
3524-T,東証1部,日東製網,エコナックＨＤ,繊維製品,1000,貸借銘柄,,
3526-T,東証1部,芦森工業,日東網,繊維製品,1000,制度信用銘柄,,
3529-T,東証1部,アツギ,芦森工,繊維製品,1000,貸借銘柄,,
3551-T,東証1部,ダイニック,アツギ,繊維製品,1000,貸借銘柄,,
3553-T,東証1部,共和レザー,ダイニック,化学,1000,制度信用銘柄,,
3569-T,東証1部,セーレン,共和レザー,繊維製品,100,貸借銘柄,,
3577-T,東証1部,東海染工,セーレン,繊維製品,100,貸借銘柄,,
3580-T,東証1部,小松精練,東海染工,繊維製品,1000,制度信用銘柄,,
3591-T,東証1部,ワコールホールディングス,小松精練,繊維製品,100,貸借銘柄,,
3593-T,東証1部,ホギメディカル,ワコールＨＤ,繊維製品,1000,貸借銘柄,,
3606-T,東証1部,レナウン,ホギメディ,繊維製品,100,貸借銘柄,,
3607-T,東証1部,クラウディア,レナウン,繊維製品,100,貸借銘柄,,
3608-T,東証1部,TSIホールディングス,クラウディア,繊維製品,100,制度信用銘柄,,
3626-T,東証1部,ITホールディングス,ＴＳＩ　ＨＤ,情報・通信業,100,貸借銘柄,,
3627-T,東証1部,ネオス,ＩＴＨＤ,情報・通信業,100,貸借銘柄,,
3630-T,東証1部,電算システム,ネオス,情報・通信業,100,貸借銘柄,,
3632-T,東証1部,グリー,電算システム,情報・通信業,100,貸借銘柄,,
3635-T,東証1部,コーエーテクモホールディングス,グリー,情報・通信業,100,貸借銘柄,,
3636-T,東証1部,三菱総合研究所,コーエーテクモ,情報・通信業,100,貸借銘柄,,
3639-T,東証1部,ボルテージ,三菱総研,情報・通信業,100,貸借銘柄,,
3640-T,東証1部,電算,ボルテージ,情報・通信業,100,貸借銘柄,,
3648-T,東証1部,AGS,電算,情報・通信業,100,貸借銘柄,,
3649-T,東証1部,ファインデックス,ＡＧＳ,情報・通信業,100,貸借銘柄,,
3654-T,東証1部,ヒト・コミュニケーションズ,ファインデックス,情報・通信業,100,制度信用銘柄,,
3655-T,東証1部,ブレインパッド,ヒトコム,情報・通信業,100,制度信用銘柄,,
3656-T,東証1部,KLab,ブレインパッド,情報・通信業,100,制度信用銘柄,,
3657-T,東証1部,ポールトゥウィン・ピットクルーホールディングス,ＫＬａｂ,情報・通信業,100,制度信用銘柄,,
3658-T,東証1部,イーブックイニシアティブジャパン,ポールＨＤ,情報・通信業,100,貸借銘柄,,
3659-T,東証1部,ネクソン,イーブック,情報・通信業,100,制度信用銘柄,,
3660-T,東証1部,アイスタイル,ネクソン,情報・通信業,100,貸借銘柄,,
3661-T,東証1部,エムアップ,アイスタイル,情報・通信業,100,制度信用銘柄,,
3662-T,東証1部,エイチーム,エムアップ,情報・通信業,100,貸借銘柄,,
3667-T,東証1部,enish,エイチーム,情報・通信業,100,貸借銘柄,,
3668-T,東証1部,コロプラ,ｅｎｉｓｈ,情報・通信業,100,貸借銘柄,,
3669-T,東証1部,モバイルクリエイト,コロプラ,情報・通信業,100,制度信用銘柄,,
3672-T,東証1部,オルトプラス,モバクリ,情報・通信業,100,貸借銘柄,,
3673-T,東証1部,ブロードリーフ,オルトプラス,情報・通信業,100,制度信用銘柄,,
3676-T,東証1部,ハーツユナイテッドグループ,ブロドリーフ,情報・通信業,100,貸借銘柄,,
3708-T,東証1部,特種東海製紙,ＨＵＧ,パルプ・紙,100,貸借銘柄,,
3724-T,東証1部,ベリサーブ,特種東海,情報・通信業,1000,貸借銘柄,,
3738-T,東証1部,ティーガイア,ベリサーブ,情報・通信業,100,貸借銘柄,,
3751-T,東証1部,日本アジアグループ,ティーガイア,情報・通信業,100,貸借銘柄,,
3756-T,東証1部,豆蔵ホールディングス,ＪＡＧ,情報・通信業,100,貸借銘柄,,
3762-T,東証1部,テクマトリックス,豆蔵ＨＤ,情報・通信業,100,制度信用銘柄,,
3769-T,東証1部,GMOペイメントゲートウェイ,テクマト,情報・通信業,100,貸借銘柄,,
3770-T,東証1部,ザッパラス,ＧＭＯＰＧ,情報・通信業,100,貸借銘柄,,
3774-T,東証1部,インターネットイニシアティブ,ザッパラス,情報・通信業,100,制度信用銘柄,,
3788-T,東証1部,GMOクラウド,ＩＩＪ,情報・通信業,100,制度信用銘柄,,
3811-T,東証1部,ビットアイル,ＧＭＯクラウド,情報・通信業,100,貸借銘柄,,
3817-T,東証1部,SRAホールディングス,ビットアイル,情報・通信業,100,貸借銘柄,,
3826-T,東証1部,システムインテグレータ,ＳＲＡＨＤ,情報・通信業,100,制度信用銘柄,,
3831-T,東証1部,パイプドビッツ,ＳＩ,情報・通信業,100,貸借銘柄,,
3834-T,東証1部,朝日ネット,パイプドビッツ,情報・通信業,100,貸借銘柄,,
3844-T,東証1部,コムチュア,朝日ネット,情報・通信業,100,貸借銘柄,,
3861-T,東証1部,王子ホールディングス,コムチュア,パルプ・紙,100,制度信用銘柄,,
3863-T,東証1部,日本製紙,王子ＨＤ,パルプ・紙,1000,貸借銘柄,,
3864-T,東証1部,三菱製紙,日本紙,パルプ・紙,100,貸借銘柄,,
3865-T,東証1部,北越紀州製紙,三菱紙,パルプ・紙,1000,貸借銘柄,,
3877-T,東証1部,中越パルプ工業,北越紀州,パルプ・紙,100,貸借銘柄,,
3878-T,東証1部,巴川製紙所,中越パル,パルプ・紙,1000,貸借銘柄,,
3880-T,東証1部,大王製紙,巴川紙,パルプ・紙,1000,貸借銘柄,,
3903-T,東証1部,gumi,大王紙,情報・通信業,1000,貸借銘柄,,
3941-T,東証1部,レンゴー,ｇｕｍｉ,パルプ・紙,100,制度信用銘柄,,
3946-T,東証1部,トーモク,レンゴー,パルプ・紙,1000,貸借銘柄,,
3950-T,東証1部,ザ・パック,トーモク,パルプ・紙,1000,貸借銘柄,,
4003-T,東証1部,コープケミカル,ザ・パック,化学,100,貸借銘柄,,
4004-T,東証1部,昭和電工,コープケミ,化学,1000,制度信用銘柄,,
4005-T,東証1部,住友化学,昭電工,化学,1000,貸借銘柄,,
4007-T,東証1部,日本化成,住友化,化学,1000,貸借銘柄,,
4008-T,東証1部,住友精化,日化成,化学,1000,貸借銘柄,,
4021-T,東証1部,日産化学工業,住友精化,化学,1000,貸借銘柄,,
4022-T,東証1部,ラサ工業,日産化,化学,100,貸借銘柄,,
4023-T,東証1部,クレハ,ラサ工,化学,1000,貸借銘柄,,
4025-T,東証1部,多木化学,クレハ,化学,1000,貸借銘柄,,
4027-T,東証1部,テイカ,多木化学,化学,1000,貸借銘柄,,
4028-T,東証1部,石原産業,テイカ,化学,1000,貸借銘柄,,
4031-T,東証1部,片倉チッカリン,石原産,化学,1000,貸借銘柄,,
4041-T,東証1部,日本曹達,片倉チッカリ,化学,1000,貸借銘柄,,
4042-T,東証1部,東ソー,日曹達,化学,1000,貸借銘柄,,
4043-T,東証1部,トクヤマ,東ソー,化学,1000,貸借銘柄,,
4044-T,東証1部,セントラル硝子,トクヤマ,化学,1000,貸借銘柄,,
4045-T,東証1部,東亞合成,セ硝子,化学,1000,貸借銘柄,,
4046-T,東証1部,ダイソー,東亜合,化学,1000,貸借銘柄,,
4047-T,東証1部,関東電化工業,ダイソー,化学,1000,貸借銘柄,,
4061-T,東証1部,電気化学工業,関電化,化学,1000,貸借銘柄,,
4062-T,東証1部,イビデン,電化,電気機器,1000,貸借銘柄,,
4063-T,東証1部,信越化学工業,イビデン,化学,100,貸借銘柄/TOPIX100,1,
4064-T,東証1部,日本カーバイド工業,信越化,化学,100,貸借銘柄,,
4078-T,東証1部,堺化学工業,カーバイド,化学,1000,貸借銘柄,,
4088-T,東証1部,エア・ウォーター,堺化学,化学,1000,貸借銘柄,,
4091-T,東証1部,大陽日酸,エア・ウォーター,化学,1000,貸借銘柄,,
4092-T,東証1部,日本化学工業,大陽日酸,化学,100,貸借銘柄,,
4095-T,東証1部,日本パーカライジング,日本化,化学,1000,貸借銘柄,,
4097-T,東証1部,高圧ガス工業,日パーカライ,化学,100,貸借銘柄,,
4098-T,東証1部,チタン工業,高圧ガス,化学,1000,貸借銘柄,,
4099-T,東証1部,四国化成工業,チタン工,化学,1000,制度信用銘柄,,
4100-T,東証1部,戸田工業,四国化,化学,1000,貸借銘柄,,
4109-T,東証1部,ステラ ケミファ,戸田工,化学,1000,貸借銘柄,,
4112-T,東証1部,保土谷化学工業,ステラケミファ,化学,100,制度信用銘柄,,
4114-T,東証1部,日本触媒,保土谷化,化学,1000,貸借銘柄,,
4116-T,東証1部,大日精化工業,日触媒,化学,1000,貸借銘柄,,
4118-T,東証1部,カネカ,大日精化,化学,1000,貸借銘柄,,
4151-T,東証1部,協和発酵キリン,カネカ,医薬品,1000,貸借銘柄,,
4182-T,東証1部,三菱瓦斯化学,協和キリン,化学,1000,貸借銘柄,,
4183-T,東証1部,三井化学,菱瓦斯化,化学,1000,貸借銘柄,,
4185-T,東証1部,JSR,三井化学,化学,1000,貸借銘柄,,
4186-T,東証1部,東京応化工業,ＪＳＲ,化学,100,貸借銘柄,,
4187-T,東証1部,大阪有機化学工業,東応化,化学,100,貸借銘柄,,
4188-T,東証1部,三菱ケミカルホールディングス,大有機化,化学,100,貸借銘柄/TOPIX100,1,
4201-T,東証1部,日本合成化学工業,三菱ケミＨＤ,化学,100,貸借銘柄,,
4202-T,東証1部,ダイセル,日本合,化学,1000,貸借銘柄,,
4203-T,東証1部,住友ベークライト,ダイセル,化学,100,貸借銘柄,,
4204-T,東証1部,積水化学工業,住友ベーク,化学,1000,貸借銘柄,,
4205-T,東証1部,日本ゼオン,積水化,化学,1000,貸借銘柄,,
4206-T,東証1部,アイカ工業,日ゼオン,化学,1000,貸借銘柄,,
4208-T,東証1部,宇部興産,アイカ工,化学,100,貸借銘柄,,
4212-T,東証1部,積水樹脂,宇部興,化学,1000,貸借銘柄,,
4215-T,東証1部,タキロン,積水樹脂,化学,100,貸借銘柄,,
4216-T,東証1部,旭有機材工業,タキロン,化学,1000,貸借銘柄,,
4217-T,東証1部,日立化成,旭有機,化学,1000,貸借銘柄,,
4218-T,東証1部,ニチバン,日立化成,化学,100,貸借銘柄,,
4220-T,東証1部,リケンテクノス,ニチバン,化学,1000,貸借銘柄,,
4221-T,東証1部,大倉工業,リケンテクノス,化学,100,貸借銘柄,,
4228-T,東証1部,積水化成品工業,大倉工,化学,1000,貸借銘柄,,
4229-T,東証1部,群栄化学工業,積水化成,化学,1000,貸借銘柄,,
4231-T,東証1部,タイガースポリマー,群栄化,化学,1000,貸借銘柄,,
4238-T,東証1部,ミライアル,タイガーポリ,化学,100,貸借銘柄,,
4245-T,東証1部,ダイキアクシス,ミライアル,化学,100,制度信用銘柄,,
4246-T,東証1部,ダイキョーニシカワ,ダイキアクシス,化学,100,貸借銘柄,,
4272-T,東証1部,日本化薬,ＤＮＣ,化学,100,制度信用銘柄,,
4275-T,東証1部,カーリットホールディングス,日化薬,化学,1000,貸借銘柄,,
4282-T,東証1部,EPSホールディングス,カーリットＨＤ,サービス業,100,貸借銘柄,,
4283-T,東証1部,パナソニック インフォメーションシステムズ,ＥＰＳ,情報・通信業,100,貸借銘柄,,
4286-T,東証1部,レッグス,パナＩＳ,サービス業,100,貸借銘柄,,
4290-T,東証1部,プレステージ・インターナショナル,ＰＩ,サービス業,100,貸借銘柄,,
4295-T,東証1部,フェイス,フェイス,情報・通信業,100,制度信用銘柄,,
4299-T,東証1部,ハイマックス,ハイマックス,情報・通信業,100,貸借銘柄,,
4301-T,東証1部,アミューズ,アミューズ,サービス業,100,貸借銘柄,,
4307-T,東証1部,野村総合研究所,ＮＲＩ,情報・通信業,100,貸借銘柄,,
4310-T,東証1部,ドリームインキュベータ,ＤＩ,サービス業,100,貸借銘柄,,
4312-T,東証1部,サイバネットシステム,サイバネット,情報・通信業,100,貸借銘柄,,
4318-T,東証1部,クイック,クイック,サービス業,100,貸借銘柄,,
4319-T,東証1部,TAC,ＴＡＣ,サービス業,100,制度信用銘柄,,
4320-T,東証1部,CEホールディングス,ＣＥＨＤ,情報・通信業,100,制度信用銘柄,,
4321-T,東証1部,ケネディクス,ケネディクス,サービス業,100,貸借銘柄,,
4324-T,東証1部,電通,電通,サービス業,100,貸借銘柄,,
4326-T,東証1部,インテージホールディングス,インテージＨＤ,情報・通信業,100,貸借銘柄,,
4331-T,東証1部,テイクアンドギヴ・ニーズ,Ｔ＆Ｇニーズ,サービス業,100,制度信用銘柄,,
4333-T,東証1部,東邦システムサイエンス,東邦システム,情報・通信業,100,制度信用銘柄,,
4337-T,東証1部,ぴあ,ぴあ,サービス業,100,貸借銘柄,,
4343-T,東証1部,イオンファンタジー,イオンファン,サービス業,100,制度信用銘柄,,
4344-T,東証1部,ソースネクスト,ソースネクスト,情報・通信業,100,制度信用銘柄,,
4346-T,東証1部,ネクシィーズ,ＮＥＸＹＺ．,サービス業,100,貸借銘柄,,
4350-T,東証1部,メディカルシステムネットワーク,メディシス,小売業,100,制度信用銘柄,,
4358-T,東証1部,ティー・ワイ・オー,ＴＹＯ,情報・通信業,100,貸借銘柄,,
4362-T,東証1部,日本精化,日本精化,化学,100,貸借銘柄,,
4401-T,東証1部,ADEKA,ＡＤＥＫＡ,化学,100,貸借銘柄,,
4403-T,東証1部,日油,日油,化学,1000,貸借銘柄,,
4404-T,東証1部,ミヨシ油脂,ミヨシ油脂,食料品,1000,貸借銘柄,,
4406-T,東証1部,新日本理化,新日本理化,化学,100,貸借銘柄,,
4410-T,東証1部,ハリマ化成グループ,ハリマ化成Ｇ,化学,100,貸借銘柄,,
4452-T,東証1部,花王,花王,化学,100,貸借銘柄/TOPIX100,1,
4461-T,東証1部,第一工業製薬,第一工業,化学,1000,貸借銘柄,,
4465-T,東証1部,ニイタカ,ニイタカ,化学,100,制度信用銘柄,,
4471-T,東証1部,三洋化成工業,三洋化成,化学,1000,貸借銘柄,,
4502-T,東証1部,武田薬品工業,武田薬,医薬品,100,貸借銘柄/TOPIX100,1,
4503-T,東証1部,アステラス製薬,アステラス薬,医薬品,100,貸借銘柄/TOPIX100,1,
4506-T,東証1部,大日本住友製薬,大日住薬,医薬品,100,貸借銘柄,,
4507-T,東証1部,塩野義製薬,塩野義薬,医薬品,100,貸借銘柄,,
4508-T,東証1部,田辺三菱製薬,田辺三菱,医薬品,100,貸借銘柄,,
4512-T,東証1部,わかもと製薬,わかもと,医薬品,1000,貸借銘柄,,
4514-T,東証1部,あすか製薬,あすか薬,医薬品,100,貸借銘柄,,
4516-T,東証1部,日本新薬,日新薬,医薬品,1000,貸借銘柄,,
4517-T,東証1部,ビオフェルミン製薬,ビオフェルミン,医薬品,100,貸借銘柄,,
4519-T,東証1部,中外製薬,中外薬,医薬品,100,貸借銘柄,,
4521-T,東証1部,科研製薬,科研薬,医薬品,1000,貸借銘柄,,
4523-T,東証1部,エーザイ,エーザイ,医薬品,100,貸借銘柄/TOPIX100,1,
4526-T,東証1部,理研ビタミン,理研ビタミン,食料品,100,制度信用銘柄,,
4527-T,東証1部,ロート製薬,ロート薬,医薬品,100,貸借銘柄,,
4528-T,東証1部,小野薬品工業,小野薬,医薬品,100,貸借銘柄,,
4530-T,東証1部,久光製薬,久光薬,医薬品,100,貸借銘柄,,
4531-T,東証1部,有機合成薬品工業,有機薬,医薬品,1000,貸借銘柄,,
4534-T,東証1部,持田製薬,持田薬,医薬品,100,貸借銘柄,,
4536-T,東証1部,参天製薬,参天薬,医薬品,100,貸借銘柄,,
4538-T,東証1部,扶桑薬品工業,扶桑薬,医薬品,1000,貸借銘柄,,
4539-T,東証1部,日本ケミファ,日ケミファ,医薬品,1000,制度信用銘柄,,
4540-T,東証1部,ツムラ,ツムラ,医薬品,100,貸借銘柄,,
4541-T,東証1部,日医工,日医工,医薬品,100,貸借銘柄,,
4543-T,東証1部,テルモ,テルモ,精密機器,100,貸借銘柄,,
4544-T,東証1部,みらかホールディングス,みらかＨＤ,サービス業,100,貸借銘柄,,
4547-T,東証1部,キッセイ薬品工業,キッセイ薬,医薬品,100,貸借銘柄,,
4548-T,東証1部,生化学工業,生化学,医薬品,100,貸借銘柄,,
4549-T,東証1部,栄研化学,栄研化,医薬品,100,貸借銘柄,,
4550-T,東証1部,日水製薬,日水薬,医薬品,100,貸借銘柄,,
4551-T,東証1部,鳥居薬品,鳥居薬,医薬品,100,貸借銘柄,,
4552-T,東証1部,JCRファーマ,ＪＣＲファーマ,医薬品,100,貸借銘柄,,
4553-T,東証1部,東和薬品,東和薬品,医薬品,100,貸借銘柄,,
4554-T,東証1部,富士製薬工業,富士製薬,医薬品,100,貸借銘柄,,
4555-T,東証1部,沢井製薬,沢井薬,医薬品,100,貸借銘柄,,
4559-T,東証1部,ゼリア新薬工業,ゼリア新薬,医薬品,100,貸借銘柄,,
4568-T,東証1部,第一三共,第一三共,医薬品,100,貸借銘柄/TOPIX100,1,
4569-T,東証1部,キョーリン製薬ホールディングス,キョーリンＨＤ,医薬品,100,貸借銘柄,,
4574-T,東証1部,大幸薬品,大幸薬品,医薬品,100,貸借銘柄,,
4577-T,東証1部,ダイト,ダイト,医薬品,100,貸借銘柄,,
4578-T,東証1部,大塚ホールディングス,大塚ＨＤ,医薬品,100,貸借銘柄/TOPIX100,1,
4581-T,東証1部,大正製薬ホールディングス,大正薬ＨＤ,医薬品,100,貸借銘柄,,
4611-T,東証1部,大日本塗料,大日塗料,化学,1000,貸借銘柄,,
4612-T,東証1部,日本ペイントホールディングス,日ペイントＨＤ,化学,100,貸借銘柄,,
4613-T,東証1部,関西ペイント,関ペイント,化学,1000,貸借銘柄,,
4615-T,東証1部,神東塗料,神東塗料,化学,1000,制度信用銘柄,,
4617-T,東証1部,中国塗料,中国塗料,化学,1000,貸借銘柄,,
4619-T,東証1部,日本特殊塗料,日特塗料,化学,100,貸借銘柄,,
4620-T,東証1部,藤倉化成,藤倉化,化学,100,貸借銘柄,,
4626-T,東証1部,太陽ホールディングス,太陽ＨＤ,化学,100,貸借銘柄,,
4631-T,東証1部,DIC,ＤＩＣ,化学,1000,貸借銘柄,,
4633-T,東証1部,サカタインクス,サカタインクス,化学,100,貸借銘柄,,
4634-T,東証1部,東洋インキSCホールディングス,洋インキＨＤ,化学,1000,貸借銘柄,,
4636-T,東証1部,T&K TOKA,Ｔ＆ＫＴＯＫＡ,化学,100,貸借銘柄,,
4641-T,東証1部,アルプス技研,アルプス技,サービス業,100,貸借銘柄,,
4651-T,東証1部,サニックス,サニックス,サービス業,100,貸借銘柄,,
4653-T,東証1部,ダイオーズ,ダイオーズ,サービス業,100,制度信用銘柄,,
4658-T,東証1部,日本空調サービス,日本空調,サービス業,100,貸借銘柄,,
4661-T,東証1部,オリエンタルランド,ＯＬＣ,サービス業,100,貸借銘柄/TOPIX100,1,
4665-T,東証1部,ダスキン,ダスキン,サービス業,100,貸借銘柄,,
4666-T,東証1部,パーク24,パーク２４,不動産業,100,貸借銘柄,,
4668-T,東証1部,明光ネットワークジャパン,明光ネット,サービス業,100,貸借銘柄,,
4671-T,東証1部,ファルコホールディングス,ファルコＨＤ,サービス業,100,貸借銘柄,,
4674-T,東証1部,クレスコ,クレスコ,情報・通信業,100,貸借銘柄,,
4676-T,東証1部,フジ・メディア・ホールディングス,フジＨＤ,情報・通信業,100,貸借銘柄,,
4678-T,東証1部,秀英予備校,秀英,サービス業,100,貸借銘柄,,
4679-T,東証1部,田谷,田谷,サービス業,100,制度信用銘柄,,
4680-T,東証1部,ラウンドワン,ラウンドワン,サービス業,100,貸借銘柄,,
4681-T,東証1部,リゾートトラスト,リゾートトラ,サービス業,100,貸借銘柄,,
4684-T,東証1部,オービック,オービック,情報・通信業,100,制度信用銘柄,,
4686-T,東証1部,ジャストシステム,ジャストシステム,情報・通信業,100,貸借銘柄,,
4687-T,東証1部,TDCソフトウェアエンジニアリング,ＴＤＣソフト,情報・通信業,100,制度信用銘柄,,
4689-T,東証1部,ヤフー,ヤフー,情報・通信業,100,貸借銘柄,,
4694-T,東証1部,ビー・エム・エル,ＢＭＬ,サービス業,100,貸借銘柄,,
4696-T,東証1部,ワタベウェディング,ワタベ,サービス業,100,貸借銘柄,,
4704-T,東証1部,トレンドマイクロ,トレンド,情報・通信業,100,貸借銘柄,,
4708-T,東証1部,もしもしホットライン,もしもし,サービス業,100,貸借銘柄,,
4709-T,東証1部,インフォメーション・ディベロプメント,ＩＤ,情報・通信業,100,貸借銘柄,,
4714-T,東証1部,リソー教育,リソー教育,サービス業,100,制度信用銘柄,,
4716-T,東証1部,日本オラクル,日本オラクル,情報・通信業,100,貸借銘柄,,
4718-T,東証1部,早稲田アカデミー,早稲アカ,サービス業,100,貸借銘柄,,
4719-T,東証1部,アルファシステムズ,アルファ,情報・通信業,100,貸借銘柄,,
4722-T,東証1部,フューチャーアーキテクト,フューチャー,情報・通信業,100,貸借銘柄,,
4725-T,東証1部,CAC Holdings,ＣＡＣＨＤ,情報・通信業,100,貸借銘柄,,
4726-T,東証1部,ソフトバンク・テクノロジー,ソフトバンテク,情報・通信業,100,貸借銘柄,,
4728-T,東証1部,トーセ,トーセ,情報・通信業,100,制度信用銘柄,,
4732-T,東証1部,ユー・エス・エス,ＵＳＳ,サービス業,100,貸借銘柄,,
4733-T,東証1部,オービックビジネスコンサルタント,ＯＢＣ,情報・通信業,100,制度信用銘柄,,
4739-T,東証1部,伊藤忠テクノソリューションズ,ＣＴＣ,情報・通信業,100,貸借銘柄,,
4743-T,東証1部,アイティフォー,アイティフォー,情報・通信業,100,貸借銘柄,,
4745-T,東証1部,東京個別指導学院,東京個別,サービス業,100,貸借銘柄,,
4746-T,東証1部,東計電算,東計電算,情報・通信業,100,貸借銘柄,,
4751-T,東証1部,サイバーエージェント,サイバーエージェント,サービス業,100,貸借銘柄,,
4755-T,東証1部,楽天,楽天,サービス業,100,貸借銘柄/TOPIX100,1,
4762-T,東証1部,エックスネット,ＸＮＥＴ,情報・通信業,100,制度信用銘柄,,
4767-T,東証1部,テー・オー・ダブリュー,ＴＯＷ,サービス業,100,制度信用銘柄,,
4768-T,東証1部,大塚商会,大塚商会,情報・通信業,100,貸借銘柄,,
4775-T,東証1部,総合メディカル,総合メディ,小売業,100,貸借銘柄,,
4776-T,東証1部,サイボウズ,ＣＹＢＯＺＵ,情報・通信業,100,制度信用銘柄,,
4779-T,東証1部,ソフトブレーン,ソフトブレーン,情報・通信業,100,貸借銘柄,,
4801-T,東証1部,セントラルスポーツ,セントラルＳＰ,サービス業,100,制度信用銘柄,,
4809-T,東証1部,パラカ,パラカ,不動産業,100,制度信用銘柄,,
4812-T,東証1部,電通国際情報サービス,ＩＳＩＤ,情報・通信業,100,貸借銘柄,,
4820-T,東証1部,イーエムシステムズ,ＥＭシステムズ,情報・通信業,100,貸借銘柄,,
4825-T,東証1部,ウェザーニューズ,ＷＮＩウェザー,情報・通信業,100,貸借銘柄,,
4826-T,東証1部,CIJ,ＣＩＪ,情報・通信業,100,貸借銘柄,,
4828-T,東証1部,東洋ビジネスエンジニアリング,東洋ＢＥＮＧ,情報・通信業,100,制度信用銘柄,,
4829-T,東証1部,日本エンタープライズ,日本エンタープライズ,情報・通信業,100,貸借銘柄,,
4839-T,東証1部,WOWOW,ＷＯＷＯＷ,情報・通信業,100,貸借銘柄,,
4845-T,東証1部,フュージョンパートナー,フュージョン,情報・通信業,100,貸借銘柄,,
4848-T,東証1部,フルキャストホールディングス,フルキャストＨＤ,サービス業,100,貸借銘柄,,
4901-T,東証1部,富士フイルムホールディングス,富士フイルム,化学,100,貸借銘柄/TOPIX100,1,
4902-T,東証1部,コニカミノルタ,コニカミノルタ,電気機器,100,貸借銘柄,,
4911-T,東証1部,資生堂,資生堂,化学,100,貸借銘柄/TOPIX100,1,
4912-T,東証1部,ライオン,ライオン,化学,1000,貸借銘柄,,
4914-T,東証1部,高砂香料工業,高砂香料,化学,1000,貸借銘柄,,
4917-T,東証1部,マンダム,マンダム,化学,100,貸借銘柄,,
4919-T,東証1部,ミルボン,ミルボン,化学,100,貸借銘柄,,
4921-T,東証1部,ファンケル,ファンケル,化学,100,貸借銘柄,,
4922-T,東証1部,コーセー,コーセー,化学,100,貸借銘柄,,
4923-T,東証1部,コタ,ＣＯＴＡ,化学,100,制度信用銘柄,,
4924-T,東証1部,ドクターシーラボ,ＤＲ．シーラボ,化学,100,貸借銘柄,,
4926-T,東証1部,シーボン,シーボン,化学,100,制度信用銘柄,,
4927-T,東証1部,ポーラ・オルビスホールディングス,ポーラオルＨＤ,化学,100,貸借銘柄,,
4928-T,東証1部,ノエビアホールディングス,ノエビアＨＤ,化学,100,制度信用銘柄,,
4929-T,東証1部,アジュバンコスメジャパン,アジュバン,化学,100,貸借銘柄,,
4951-T,東証1部,エステー,エステー,化学,100,貸借銘柄,,
4955-T,東証1部,アグロ カネショウ,アグロカネショウ,化学,100,貸借銘柄,,
4956-T,東証1部,コニシ,コニシ,化学,100,貸借銘柄,,
4958-T,東証1部,長谷川香料,長谷川香,化学,100,貸借銘柄,,
4963-T,東証1部,星光PMC,星光ＰＭＣ,化学,100,貸借銘柄,,
4967-T,東証1部,小林製薬,小林製薬,化学,100,貸借銘柄,,
4968-T,東証1部,荒川化学工業,荒川化学,化学,100,貸借銘柄,,
4971-T,東証1部,メック,メック,化学,100,貸借銘柄,,
4973-T,東証1部,日本高純度化学,高純度化,化学,100,制度信用銘柄,,
4975-T,東証1部,JCU,ＪＣＵ,化学,100,制度信用銘柄,,
4977-T,東証1部,新田ゼラチン,ニッタゼラチン,化学,100,貸借銘柄,,
4985-T,東証1部,アース製薬,アース製薬,化学,100,貸借銘柄,,
4989-T,東証1部,イハラケミカル工業,イハラケミカル,化学,100,貸借銘柄,,
4992-T,東証1部,北興化学工業,北興化,化学,1000,貸借銘柄,,
4994-T,東証1部,大成ラミック,大成ラミック,化学,100,貸借銘柄,,
4996-T,東証1部,クミアイ化学工業,クミアイ化,化学,100,貸借銘柄,,
4997-T,東証1部,日本農薬,日農薬,化学,100,貸借銘柄,,
5002-T,東証1部,昭和シェル石油,昭和シェル,石油石炭製品,100,貸借銘柄,,
5007-T,東証1部,コスモ石油,コスモ石,石油石炭製品,1000,貸借銘柄,,
5009-T,東証1部,富士興産,富士興産,卸売業,100,貸借銘柄,,
5011-T,東証1部,ニチレキ,ニチレキ,石油石炭製品,1000,貸借銘柄,,
5012-T,東証1部,東燃ゼネラル石油,東燃ゼネ,石油石炭製品,1000,貸借銘柄,,
5013-T,東証1部,ユシロ化学工業,ユシロ化,石油石炭製品,100,貸借銘柄,,
5015-T,東証1部,ビーピー・カストロール,ＢＰカストロール,石油石炭製品,100,制度信用銘柄,,
5017-T,東証1部,富士石油,富士石油,石油石炭製品,100,貸借銘柄,,
5018-T,東証1部,MORESCO,ＭＯＲＥＳＣＯ,石油石炭製品,100,貸借銘柄,,
5019-T,東証1部,出光興産,出光興産,石油石炭製品,100,貸借銘柄,,
5020-T,東証1部,JXホールディングス,ＪＸ,石油石炭製品,100,貸借銘柄/TOPIX100,1,
5101-T,東証1部,横浜ゴム,浜ゴム,ゴム製品,1000,貸借銘柄,,
5105-T,東証1部,東洋ゴム工業,洋ゴム,ゴム製品,100,貸借銘柄,,
5108-T,東証1部,ブリヂストン,ブリヂス,ゴム製品,100,貸借銘柄/TOPIX100,1,
5110-T,東証1部,住友ゴム工業,住友ゴム,ゴム製品,100,貸借銘柄,,
5121-T,東証1部,藤倉ゴム工業,藤倉ゴム,ゴム製品,100,貸借銘柄,,
5122-T,東証1部,オカモト,オカモト,ゴム製品,1000,貸借銘柄,,
5142-T,東証1部,アキレス,アキレス,化学,1000,貸借銘柄,,
5185-T,東証1部,フコク,フコク,ゴム製品,100,貸借銘柄,,
5186-T,東証1部,ニッタ,ニッタ,ゴム製品,100,貸借銘柄,,
5187-T,東証1部,クリエートメディック,クリエート,精密機器,100,制度信用銘柄,,
5191-T,東証1部,住友理工,住友理工,ゴム製品,100,貸借銘柄,,
5192-T,東証1部,三ツ星ベルト,三星ベルト,ゴム製品,1000,貸借銘柄,,
5195-T,東証1部,バンドー化学,バンドー化,ゴム製品,1000,貸借銘柄,,
5196-T,東証1部,鬼怒川ゴム工業,鬼怒ゴム,輸送用機器,1000,貸借銘柄,,
5201-T,東証1部,旭硝子,旭硝子,ガラス土石製品,1000,貸借銘柄,,
5202-T,東証1部,日本板硝子,板硝子,ガラス土石製品,1000,貸借銘柄,,
5204-T,東証1部,石塚硝子,石塚硝,ガラス土石製品,1000,貸借銘柄,,
5208-T,東証1部,有沢製作所,有沢製,化学,100,貸借銘柄,,
5210-T,東証1部,日本山村硝子,日山村硝,ガラス土石製品,1000,貸借銘柄,,
5214-T,東証1部,日本電気硝子,日電硝,ガラス土石製品,1000,貸借銘柄,,
5218-T,東証1部,オハラ,オハラ,ガラス土石製品,100,貸借銘柄,,
5232-T,東証1部,住友大阪セメント,住友大阪,ガラス土石製品,1000,貸借銘柄,,
5233-T,東証1部,太平洋セメント,太平洋セメ,ガラス土石製品,1000,貸借銘柄,,
5234-T,東証1部,デイ・シイ,デイシイ,ガラス土石製品,100,制度信用銘柄,,
5261-T,東証1部,リゾートソリューション,リソル,サービス業,1000,制度信用銘柄,,
5262-T,東証1部,日本ヒューム,日ヒューム,ガラス土石製品,100,貸借銘柄,,
5269-T,東証1部,日本コンクリート工業,日コンクリ,ガラス土石製品,100,貸借銘柄,,
5273-T,東証1部,三谷セキサン,三谷セキサン,ガラス土石製品,100,貸借銘柄,,
5288-T,東証1部,ジャパンパイル,Ｊパイル,ガラス土石製品,100,制度信用銘柄,,
5301-T,東証1部,東海カーボン,東海カーボ,ガラス土石製品,1000,貸借銘柄,,
5302-T,東証1部,日本カーボン,日カーボン,ガラス土石製品,1000,貸借銘柄,,
5310-T,東証1部,東洋炭素,東洋炭素,ガラス土石製品,100,制度信用銘柄,,
5331-T,東証1部,ノリタケカンパニーリミテド,ノリタケ,ガラス土石製品,1000,貸借銘柄,,
5332-T,東証1部,TOTO,ＴＯＴＯ,ガラス土石製品,1000,貸借銘柄,,
5333-T,東証1部,日本碍子,日本ガイシ,ガラス土石製品,1000,貸借銘柄,,
5334-T,東証1部,日本特殊陶業,日特殊陶,ガラス土石製品,100,貸借銘柄,,
5337-T,東証1部,ダントーホールディングス,ダントーＨＤ,ガラス土石製品,1000,貸借銘柄,,
5344-T,東証1部,MARUWA,ＭＡＲＵＷＡ,ガラス土石製品,100,貸借銘柄,,
5351-T,東証1部,品川リフラクトリーズ,品川リフラ,ガラス土石製品,1000,貸借銘柄,,
5352-T,東証1部,黒崎播磨,黒崎播磨,ガラス土石製品,1000,貸借銘柄,,
5357-T,東証1部,ヨータイ,ヨータイ,ガラス土石製品,1000,貸借銘柄,,
5358-T,東証1部,イソライト工業,イソライト工業,ガラス土石製品,100,貸借銘柄,,
5363-T,東証1部,東京窯業,ＴＹＫ,ガラス土石製品,1000,貸借銘柄,,
5367-T,東証1部,ニッカトー,ニッカトー,ガラス土石製品,100,貸借銘柄,,
5384-T,東証1部,フジミインコーポレーテッド,ＦＵＪＩＭＩ,ガラス土石製品,100,貸借銘柄,,
5391-T,東証1部,エーアンドエーマテリアル,Ａ＆Ａマテリアル,ガラス土石製品,1000,貸借銘柄,,
5393-T,東証1部,ニチアス,ニチアス,ガラス土石製品,1000,貸借銘柄,,
5401-T,東証1部,新日鐵住金,新日鉄住金,鉄鋼,1000,貸借銘柄/TOPIX100,1,
5406-T,東証1部,神戸製鋼所,神戸鋼,鉄鋼,1000,貸借銘柄,,
5408-T,東証1部,中山製鋼所,中山鋼,鉄鋼,1000,貸借銘柄,,
5410-T,東証1部,合同製鐵,合同鉄,鉄鋼,1000,貸借銘柄,,
5411-T,東証1部,ジェイ エフ イー ホールディングス,ＪＦＥ,鉄鋼,100,貸借銘柄/TOPIX100,1,
5413-T,東証1部,日新製鋼,日新製鋼,鉄鋼,100,貸借銘柄,,
5423-T,東証1部,東京製鐵,東製鉄,鉄鋼,100,貸借銘柄,,
5440-T,東証1部,共英製鋼,共英製鋼,鉄鋼,100,貸借銘柄,,
5444-T,東証1部,大和工業,大和工,鉄鋼,100,貸借銘柄,,
5445-T,東証1部,東京鐵鋼,東京鉄,鉄鋼,1000,制度信用銘柄,,
5449-T,東証1部,大阪製鐵,大阪製鉄,鉄鋼,100,貸借銘柄,,
5451-T,東証1部,淀川製鋼所,淀川鋼,鉄鋼,1000,貸借銘柄,,
5453-T,東証1部,東洋鋼鈑,洋鋼鈑,鉄鋼,100,貸借銘柄,,
5463-T,東証1部,丸一鋼管,丸一鋼管,鉄鋼,100,貸借銘柄,,
5464-T,東証1部,モリ工業,モリ工業,鉄鋼,1000,貸借銘柄,,
5471-T,東証1部,大同特殊鋼,大同特鋼,鉄鋼,1000,貸借銘柄,,
5476-T,東証1部,日本高周波鋼業,高周波,鉄鋼,1000,貸借銘柄,,
5480-T,東証1部,日本冶金工業,冶金工,鉄鋼,100,貸借銘柄,,
5481-T,東証1部,山陽特殊製鋼,山陽特鋼,鉄鋼,1000,貸借銘柄,,
5482-T,東証1部,愛知製鋼,愛知鋼,鉄鋼,1000,貸借銘柄,,
5486-T,東証1部,日立金属,日立金,鉄鋼,1000,貸借銘柄,,
5491-T,東証1部,日本金属,日本金属,鉄鋼,1000,貸借銘柄,,
5541-T,東証1部,大平洋金属,大平洋金,鉄鋼,1000,貸借銘柄,,
5563-T,東証1部,新日本電工,新日本電工,鉄鋼,100,貸借銘柄,,
5602-T,東証1部,栗本鐵工所,栗本鉄,鉄鋼,1000,貸借銘柄,,
5603-T,東証1部,虹技,虹技,鉄鋼,1000,貸借銘柄,,
5612-T,東証1部,日本鋳鉄管,日鋳鉄管,鉄鋼,1000,制度信用銘柄,,
5631-T,東証1部,日本製鋼所,日製鋼所,機械,1000,貸借銘柄,,
5632-T,東証1部,三菱製鋼,三菱製鋼,鉄鋼,1000,貸借銘柄,,
5658-T,東証1部,日亜鋼業,日亜鋼,鉄鋼,100,貸借銘柄,,
5659-T,東証1部,日本精線,日精線,鉄鋼,1000,貸借銘柄,,
5702-T,東証1部,大紀アルミニウム工業所,大紀アルミ,非鉄金属,1000,貸借銘柄,,
5703-T,東証1部,日本軽金属ホールディングス,日軽金ＨＤ,非鉄金属,100,貸借銘柄,,
5706-T,東証1部,三井金属鉱業,三井金,非鉄金属,1000,貸借銘柄,,
5707-T,東証1部,東邦亜鉛,東邦鉛,非鉄金属,1000,貸借銘柄,,
5711-T,東証1部,三菱マテリアル,三菱マ,非鉄金属,1000,貸借銘柄,,
5713-T,東証1部,住友金属鉱山,住友鉱,非鉄金属,1000,貸借銘柄/TOPIX100,1,
5714-T,東証1部,DOWAホールディングス,ＤＯＷＡ,非鉄金属,1000,貸借銘柄,,
5715-T,東証1部,古河機械金属,古河機金,非鉄金属,1000,貸借銘柄,,
5721-T,東証1部,エス・サイエンス,エス・サイエンス,非鉄金属,100,制度信用銘柄,,
5726-T,東証1部,大阪チタニウムテクノロジーズ,大阪チタ,非鉄金属,100,貸借銘柄,,
5727-T,東証1部,東邦チタニウム,邦チタニウム,非鉄金属,100,貸借銘柄,,
5741-T,東証1部,UACJ,ＵＡＣＪ,非鉄金属,1000,貸借銘柄,,
5801-T,東証1部,古河電気工業,古河電工,非鉄金属,1000,貸借銘柄,,
5802-T,東証1部,住友電気工業,住友電工,非鉄金属,100,貸借銘柄/TOPIX100,1,
5803-T,東証1部,フジクラ,フジクラ,非鉄金属,1000,貸借銘柄,,
5805-T,東証1部,昭和電線ホールディングス,昭電線ＨＤ,非鉄金属,1000,貸借銘柄,,
5807-T,東証1部,東京特殊電線,東特電線,非鉄金属,100,貸借銘柄,,
5809-T,東証1部,タツタ電線,タツタ線,非鉄金属,100,貸借銘柄,,
5815-T,東証1部,沖電線,沖電線,非鉄金属,1000,貸借銘柄,,
5819-T,東証1部,カナレ電気,カナレ電気,非鉄金属,100,制度信用銘柄,,
5821-T,東証1部,平河ヒューテック,平河ヒューテ,非鉄金属,100,制度信用銘柄,,
5851-T,東証1部,リョービ,リョービ,非鉄金属,1000,貸借銘柄,,
5852-T,東証1部,アーレスティ,アーレスティ,非鉄金属,100,貸借銘柄,,
5857-T,東証1部,アサヒホールディングス,アサヒＨＤ,非鉄金属,100,貸借銘柄,,
5901-T,東証1部,東洋製罐グループホールディングス,洋缶ＨＤ,金属製品,100,貸借銘柄,,
5902-T,東証1部,ホッカンホールディングス,ホッカンＨＤ,金属製品,1000,貸借銘柄,,
5909-T,東証1部,コロナ,コロナ,金属製品,100,制度信用銘柄,,
5911-T,東証1部,横河ブリッジホールディングス,横河ブＨＤ,金属製品,100,貸借銘柄,,
5912-T,東証1部,OSJBホールディングス,ＯＳＪＢＨＤ,建設業,100,貸借銘柄,,
5915-T,東証1部,駒井ハルテック,駒井ハルテク,金属製品,1000,貸借銘柄,,
5923-T,東証1部,高田機工,高田機工,金属製品,1000,貸借銘柄,,
5929-T,東証1部,三和ホールディングス,三和ＨＤ,金属製品,100,貸借銘柄,,
5930-T,東証1部,文化シヤッター,文化シヤター,金属製品,100,貸借銘柄,,
5932-T,東証1部,三協立山,三協立山,金属製品,100,貸借銘柄,,
5933-T,東証1部,アルインコ,アルインコ,金属製品,100,貸借銘柄,,
5936-T,東証1部,東洋シヤッター,洋シヤター,金属製品,100,貸借銘柄,,
5938-T,東証1部,LIXILグループ,ＬＩＸＩＬ　Ｇ,金属製品,100,貸借銘柄,,
5942-T,東証1部,日本フイルコン,日フイルコン,金属製品,100,制度信用銘柄,,
5943-T,東証1部,ノーリツ,ノーリツ,金属製品,100,貸借銘柄,,
5946-T,東証1部,長府製作所,長府製,金属製品,100,貸借銘柄,,
5947-T,東証1部,リンナイ,リンナイ,金属製品,100,貸借銘柄,,
5949-T,東証1部,ユニプレス,ユニプレス,輸送用機器,100,貸借銘柄,,
5951-T,東証1部,ダイニチ工業,ダイニチ工,金属製品,100,貸借銘柄,,
5957-T,東証1部,日東精工,日東精工,金属製品,1000,貸借銘柄,,
5958-T,東証1部,三洋工業,三洋工,金属製品,1000,貸借銘柄,,
5959-T,東証1部,岡部,岡部,金属製品,100,貸借銘柄,,
5970-T,東証1部,ジーテクト,ジーテクト,金属製品,100,貸借銘柄,,
5974-T,東証1部,中国工業,中国工,金属製品,100,貸借銘柄,,
5975-T,東証1部,東プレ,東プレ,金属製品,100,貸借銘柄,,
5976-T,東証1部,高周波熱錬,ネツレン,金属製品,100,貸借銘柄,,
5981-T,東証1部,東京製綱,東製綱,金属製品,1000,貸借銘柄,,
5985-T,東証1部,サンコール,サンコール,金属製品,1000,貸借銘柄,,
5986-T,東証1部,モリテック スチール,モリテック,金属製品,100,貸借銘柄,,
5988-T,東証1部,パイオラックス,パイオラックス,金属製品,100,制度信用銘柄,,
5991-T,東証1部,日本発条,ニッパツ,金属製品,100,貸借銘柄,,
5992-T,東証1部,中央発條,中央発条,金属製品,1000,貸借銘柄,,
5998-T,東証1部,アドバネクス,アドバネクス,金属製品,1000,貸借銘柄,,
6005-T,東証1部,三浦工業,三浦工,機械,100,貸借銘柄,,
6013-T,東証1部,タクマ,タクマ,機械,1000,貸借銘柄,,
6028-T,東証1部,テクノプロ・ホールディングス,テクノプロＨＤ,サービス業,100,制度信用銘柄,,
6054-T,東証1部,リブセンス,リブセンス,サービス業,100,貸借銘柄,,
6055-T,東証1部,ジャパンマテリアル,Ｊマテリアル,サービス業,100,制度信用銘柄,,
6058-T,東証1部,ベクトル,ベクトル,サービス業,100,制度信用銘柄,,
6059-T,東証1部,ウチヤマホールディングス,ウチヤマＨＤ,サービス業,100,貸借銘柄,,
6065-T,東証1部,サクセスホールディングス,サクセスＨＤ,サービス業,100,制度信用銘柄,,
6070-T,東証1部,キャリアリンク,キャリアリンク,サービス業,100,貸借銘柄,,
6073-T,東証1部,アサンテ,アサンテ,サービス業,100,貸借銘柄,,
6077-T,東証1部,N・フィールド,Ｎ・フィールド,サービス業,100,制度信用銘柄,,
6080-T,東証1部,M&Aキャピタルパートナーズ,Ｍ＆Ａキャピタル,サービス業,100,制度信用銘柄,,
6083-T,東証1部,ERIホールディングス,ＥＲＩ　ＨＤ,サービス業,100,貸借銘柄,,
6087-T,東証1部,アビスト,アビスト,サービス業,100,制度信用銘柄,,
6089-T,東証1部,ウィルグループ,ウィルグループ,サービス業,100,制度信用銘柄,,
6098-T,東証1部,リクルートホールディングス,リクルートＨＤ,サービス業,100,貸借銘柄,,
6101-T,東証1部,ツガミ,ツガミ,機械,1000,貸借銘柄,,
6103-T,東証1部,オークマ,オークマ,機械,1000,貸借銘柄,,
6104-T,東証1部,東芝機械,東芝機,機械,1000,貸借銘柄,,
6113-T,東証1部,アマダホールディングス,アマダＨＤ,機械,100,貸借銘柄,,
6118-T,東証1部,アイダエンジニアリング,アイダ,機械,100,貸借銘柄,,
6121-T,東証1部,滝澤鉄工所,滝澤鉄,機械,1000,制度信用銘柄,,
6134-T,東証1部,富士機械製造,富士機,機械,100,貸借銘柄,,
6135-T,東証1部,牧野フライス製作所,牧野フライス,機械,1000,貸借銘柄,,
6136-T,東証1部,オーエスジー,ＯＳＧ,機械,100,貸借銘柄,,
6138-T,東証1部,ダイジェット工業,ダイジェット,機械,1000,制度信用銘柄,,
6140-T,東証1部,旭ダイヤモンド工業,旭ダイヤ,機械,100,貸借銘柄,,
6141-T,東証1部,DMG森精機,ＤＭＧ森精機,機械,100,貸借銘柄,,
6143-T,東証1部,ソディック,ソディック,機械,100,貸借銘柄,,
6146-T,東証1部,ディスコ,ディスコ,機械,100,貸借銘柄,,
6151-T,東証1部,日東工器,日東工器,機械,100,貸借銘柄,,
6165-T,東証1部,パンチ工業,パンチ,機械,100,制度信用銘柄,,
6201-T,東証1部,豊田自動織機,豊田織,輸送用機器,100,貸借銘柄,,
6203-T,東証1部,豊和工業,豊和工,機械,100,貸借銘柄,,
6205-T,東証1部,大阪機工,ＯＫＫ,機械,1000,貸借銘柄,,
6208-T,東証1部,石川製作所,石川製,機械,1000,貸借銘柄,,
6210-T,東証1部,東洋機械金属,東洋機械,機械,100,貸借銘柄,,
6217-T,東証1部,津田駒工業,津田駒工,機械,1000,貸借銘柄,,
6218-T,東証1部,エンシュウ,エンシュウ,機械,1000,貸借銘柄,,
6222-T,東証1部,島精機製作所,島精機,機械,100,貸借銘柄,,
6247-T,東証1部,日阪製作所,日阪製作,機械,100,貸借銘柄,,
6250-T,東証1部,やまびこ,やまびこ,機械,100,貸借銘柄,,
6262-T,東証1部,ペガサスミシン製造,ペガサス,機械,100,制度信用銘柄,,
6268-T,東証1部,ナブテスコ,ナブテスコ,機械,100,貸借銘柄,,
6269-T,東証1部,三井海洋開発,三井海洋,機械,100,貸借銘柄,,
6272-T,東証1部,レオン自動機,レオン自機,機械,100,貸借銘柄,,
6273-T,東証1部,SMC,ＳＭＣ,機械,100,貸借銘柄/TOPIX100,1,
6274-T,東証1部,新川,新川,機械,100,貸借銘柄,,
6277-T,東証1部,ホソカワミクロン,ホソカワミクロン,機械,1000,貸借銘柄,,
6278-T,東証1部,ユニオンツール,ユニオンツール,機械,100,貸借銘柄,,
6282-T,東証1部,オイレス工業,オイレス工,機械,100,貸借銘柄,,
6284-T,東証1部,日精エー・エス・ビー機械,ＡＳＢ機械,機械,100,貸借銘柄,,
6287-T,東証1部,サトーホールディングス,サトーＨＤ,機械,100,貸借銘柄,,
6291-T,東証1部,日本エアーテック,エアーテック,機械,100,制度信用銘柄,,
6293-T,東証1部,日精樹脂工業,日精樹脂,機械,100,貸借銘柄,,
6298-T,東証1部,ワイエイシイ,ワイエイシイ,機械,100,貸借銘柄,,
6301-T,東証1部,小松製作所,コマツ,機械,100,貸借銘柄/TOPIX100,1,
6302-T,東証1部,住友重機械工業,住友重,機械,1000,貸借銘柄,,
6305-T,東証1部,日立建機,日立建機,機械,100,貸借銘柄,,
6306-T,東証1部,日工,日工,機械,1000,貸借銘柄,,
6309-T,東証1部,巴工業,巴工業,機械,100,制度信用銘柄,,
6310-T,東証1部,井関農機,井関農,機械,1000,貸借銘柄,,
6315-T,東証1部,TOWA,ＴＯＷＡ,機械,100,貸借銘柄,,
6316-T,東証1部,丸山製作所,丸山製,機械,1000,貸借銘柄,,
6317-T,東証1部,北川鉄工所,北川鉄,機械,1000,貸借銘柄,,
6319-T,東証1部,シンニッタン,シンニッタン,鉄鋼,100,制度信用銘柄,,
6326-T,東証1部,クボタ,クボタ,機械,1000,貸借銘柄/TOPIX100,1,
6328-T,東証1部,荏原実業,荏原実業,機械,100,貸借銘柄,,
6330-T,東証1部,東洋エンジニアリング,洋エンジ,建設業,1000,貸借銘柄,,
6331-T,東証1部,三菱化工機,菱化工機,機械,1000,貸借銘柄,,
6332-T,東証1部,月島機械,月島機,機械,100,貸借銘柄,,
6333-T,東証1部,帝国電機製作所,帝国電機,機械,100,貸借銘柄,,
6335-T,東証1部,東京機械製作所,東京機,機械,1000,貸借銘柄,,
6339-T,東証1部,新東工業,新東工,機械,100,貸借銘柄,,
6340-T,東証1部,澁谷工業,渋谷工,機械,100,貸借銘柄,,
6345-T,東証1部,アイチコーポレーション,アイチ,機械,100,貸借銘柄,,
6349-T,東証1部,小森コーポレーション,小森,機械,100,貸借銘柄,,
6351-T,東証1部,鶴見製作所,鶴見製,機械,100,貸借銘柄,,
6355-T,東証1部,住友精密工業,住友精密,機械,1000,貸借銘柄,,
6358-T,東証1部,酒井重工業,酒井重,機械,1000,貸借銘柄,,
6361-T,東証1部,荏原製作所,荏原製,機械,1000,貸借銘柄,,
6362-T,東証1部,石井鐵工所,石井鉄,機械,1000,貸借銘柄,,
6363-T,東証1部,酉島製作所,酉島製,機械,100,貸借銘柄,,
6364-T,東証1部,北越工業,北越工,機械,100,貸借銘柄,,
6366-T,東証1部,千代田化工建設,千代化建,建設業,1000,貸借銘柄,,
6367-T,東証1部,ダイキン工業,ダイキン工,機械,100,貸借銘柄/TOPIX100,1,
6368-T,東証1部,オルガノ,オルガノ,機械,1000,貸借銘柄,,
6369-T,東証1部,トーヨーカネツ,トーヨーカネツ,機械,1000,貸借銘柄,,
6370-T,東証1部,栗田工業,栗田工,機械,100,貸借銘柄,,
6371-T,東証1部,椿本チエイン,椿本チエイン,機械,1000,貸借銘柄,,
6373-T,東証1部,大同工業,大同工,機械,1000,貸借銘柄,,
6375-T,東証1部,日本コンベヤ,日コンベヤ,機械,1000,制度信用銘柄,,
6376-T,東証1部,日機装,日機装,精密機器,100,貸借銘柄,,
6378-T,東証1部,木村化工機,木村化工,機械,100,貸借銘柄,,
6379-T,東証1部,新興プランテック,新興プラン,建設業,100,貸借銘柄,,
6381-T,東証1部,アネスト岩田,アネスト岩田,機械,100,貸借銘柄,,
6383-T,東証1部,ダイフク,ダイフク,機械,100,貸借銘柄,,
6387-T,東証1部,サムコ,サムコ,機械,100,制度信用銘柄,,
6390-T,東証1部,加藤製作所,加藤製,機械,1000,貸借銘柄,,
6393-T,東証1部,油研工業,油研工,機械,1000,貸借銘柄,,
6395-T,東証1部,タダノ,タダノ,機械,1000,貸借銘柄,,
6406-T,東証1部,フジテック,フジテック,機械,100,貸借銘柄,,
6407-T,東証1部,CKD,ＣＫＤ,機械,100,貸借銘柄,,
6409-T,東証1部,キトー,キトー,機械,100,貸借銘柄,,
6412-T,東証1部,平和,平和,機械,100,貸借銘柄,,
6413-T,東証1部,理想科学工業,理想科学,機械,100,貸借銘柄,,
6417-T,東証1部,SANKYO,ＳＡＮＫＹＯ,機械,100,貸借銘柄,,
6418-T,東証1部,日本金銭機械,日金銭,機械,100,貸借銘柄,,
6419-T,東証1部,マースエンジニアリング,マースエンジ,機械,100,貸借銘柄,,
6420-T,東証1部,福島工業,福島工業,機械,100,制度信用銘柄,,
6428-T,東証1部,オーイズミ,オーイズミ,機械,100,貸借銘柄,,
6430-T,東証1部,ダイコク電機,ダイコク電,機械,100,貸借銘柄,,
6432-T,東証1部,竹内製作所,竹内製作所,機械,100,貸借銘柄,,
6436-T,東証1部,アマノ,アマノ,機械,100,貸借銘柄,,
6440-T,東証1部,JUKI,ＪＵＫＩ,機械,1000,貸借銘柄,,
6444-T,東証1部,サンデンホールディングス,サンデンＨＤ,機械,1000,貸借銘柄,,
6445-T,東証1部,蛇の目ミシン工業,蛇の目,機械,1000,貸借銘柄,,
6448-T,東証1部,ブラザー工業,ブラザー,電気機器,100,貸借銘柄,,
6454-T,東証1部,マックス,マックス,機械,1000,貸借銘柄,,
6455-T,東証1部,モリタホールディングス,モリタＨＤ,輸送用機器,100,貸借銘柄,,
6457-T,東証1部,グローリー,グローリー,機械,100,貸借銘柄,,
6458-T,東証1部,新晃工業,新晃工業,機械,100,貸借銘柄,,
6459-T,東証1部,大和冷機工業,大和冷機,機械,100,貸借銘柄,,
6460-T,東証1部,セガサミーホールディングス,セガサミーＨＤ,機械,100,貸借銘柄,,
6461-T,東証1部,日本ピストンリング,日ピストン,機械,1000,貸借銘柄,,
6462-T,東証1部,リケン,リケン,機械,1000,貸借銘柄,,
6463-T,東証1部,TPR,ＴＰＲ,機械,100,貸借銘柄,,
6465-T,東証1部,ホシザキ電機,ホシザキ,機械,100,貸借銘柄,,
6470-T,東証1部,大豊工業,大豊工業,機械,100,貸借銘柄,,
6471-T,東証1部,日本精工,日本精工,機械,100,貸借銘柄,,
6472-T,東証1部,NTN,ＮＴＮ,機械,1000,貸借銘柄,,
6473-T,東証1部,ジェイテクト,ジェイテクト,機械,100,貸借銘柄,,
6474-T,東証1部,不二越,不二越,機械,1000,貸借銘柄,,
6479-T,東証1部,ミネベア,ミネベア,電気機器,1000,貸借銘柄,,
6480-T,東証1部,日本トムソン,日トムソン,機械,1000,貸借銘柄,,
6481-T,東証1部,THK,ＴＨＫ,機械,100,貸借銘柄,,
6482-T,東証1部,ユーシン精機,ユーシン精機,機械,100,貸借銘柄,,
6485-T,東証1部,前澤給装工業,前沢給装,機械,100,貸借銘柄,,
6486-T,東証1部,イーグル工業,イーグル工,機械,100,貸借銘柄,,
6489-T,東証1部,前澤工業,前沢工,機械,100,貸借銘柄,,
6490-T,東証1部,日本ピラー工業,日ピラ工,機械,100,貸借銘柄,,
6498-T,東証1部,キッツ,キッツ,機械,100,貸借銘柄,,
6501-T,東証1部,日立製作所,日立,電気機器,1000,貸借銘柄/TOPIX100,1,
6502-T,東証1部,東芝,東芝,電気機器,1000,貸借銘柄/TOPIX100,1,
6503-T,東証1部,三菱電機,三菱電,電気機器,1000,貸借銘柄/TOPIX100,1,
6504-T,東証1部,富士電機,富士電機,電気機器,1000,貸借銘柄,,
6505-T,東証1部,東洋電機製造,東洋電,電気機器,1000,貸借銘柄,,
6506-T,東証1部,安川電機,安川電,電気機器,100,貸借銘柄,,
6507-T,東証1部,シンフォニア テクノロジー,シンフォニア,電気機器,1000,貸借銘柄,,
6508-T,東証1部,明電舎,明電舎,電気機器,1000,貸借銘柄,,
6513-T,東証1部,オリジン電気,オリジン電,電気機器,1000,制度信用銘柄,,
6516-T,東証1部,山洋電気,山洋電気,電気機器,1000,貸借銘柄,,
6517-T,東証1部,デンヨー,デンヨー,電気機器,100,貸借銘柄,,
6581-T,東証1部,日立工機,日立工機,機械,100,貸借銘柄,,
6584-T,東証1部,三櫻工業,三桜工,輸送用機器,100,貸借銘柄,,
6586-T,東証1部,マキタ,マキタ,機械,100,貸借銘柄,,
6588-T,東証1部,東芝テック,東芝テック,電気機器,1000,貸借銘柄,,
6590-T,東証1部,芝浦メカトロニクス,芝浦,電気機器,1000,貸借銘柄,,
6592-T,東証1部,マブチモーター,マブチモーター,電気機器,100,貸借銘柄,,
6594-T,東証1部,日本電産,日本電産,電気機器,100,貸借銘柄/TOPIX100,1,
6617-T,東証1部,東光高岳,東光高岳,電気機器,100,貸借銘柄,,
6620-T,東証1部,宮越ホールディングス,宮越ＨＤ,電気機器,100,制度信用銘柄,,
6622-T,東証1部,ダイヘン,ダイヘン,電気機器,1000,貸借銘柄,,
6624-T,東証1部,田淵電機,田淵電機,電気機器,100,貸借銘柄,,
6630-T,東証1部,ヤーマン,ヤーマン,電気機器,100,制度信用銘柄,,
6632-T,東証1部,JVCケンウッド,ＪＶＣＫＷ,電気機器,100,貸借銘柄,,
6638-T,東証1部,ミマキエンジニアリング,Ｍｉｍａｋｉ,電気機器,100,貸借銘柄,,
6640-T,東証1部,第一精工,第一精工,電気機器,100,貸借銘柄,,
6641-T,東証1部,日新電機,日新電,電気機器,100,貸借銘柄,,
6644-T,東証1部,大崎電気工業,大崎電,電気機器,1000,貸借銘柄,,
6645-T,東証1部,オムロン,オムロン,電気機器,100,貸借銘柄,,
6651-T,東証1部,日東工業,日東工,電気機器,100,貸借銘柄,,
6652-T,東証1部,IDEC,ＩＤＥＣ,電気機器,100,貸借銘柄,,
6654-T,東証1部,不二電機工業,不二電機工業,電気機器,100,貸借銘柄,,
6674-T,東証1部,ジーエス・ユアサ コーポレーション,ＧＳユアサ,電気機器,1000,貸借銘柄,,
6675-T,東証1部,サクサホールディングス,サクサ,電気機器,1000,貸借銘柄,,
6676-T,東証1部,メルコホールディングス,メルコ,電気機器,100,貸借銘柄,,
6678-T,東証1部,テクノメディカ,テクノメディカ,電気機器,100,制度信用銘柄,,
6701-T,東証1部,日本電気,ＮＥＣ,電気機器,1000,貸借銘柄,,
6702-T,東証1部,富士通,富士通,電気機器,1000,貸借銘柄/TOPIX100,1,
6703-T,東証1部,沖電気工業,ＯＫＩ,電気機器,1000,貸借銘柄,,
6704-T,東証1部,岩崎通信機,岩崎通,電気機器,1000,貸借銘柄,,
6706-T,東証1部,電気興業,電気興,電気機器,1000,貸借銘柄,,
6707-T,東証1部,サンケン電気,サンケン電,電気機器,1000,貸借銘柄,,
6715-T,東証1部,ナカヨ,ナカヨ,電気機器,1000,貸借銘柄,,
6718-T,東証1部,アイホン,アイホン,電気機器,100,貸借銘柄,,
6723-T,東証1部,ルネサスエレクトロニクス,ルネサス,電気機器,100,貸借銘柄,,
6724-T,東証1部,セイコーエプソン,エプソン,電気機器,100,貸借銘柄,,
6727-T,東証1部,ワコム,ワコム,電気機器,100,貸借銘柄,,
6728-T,東証1部,アルバック,アルバック,電気機器,100,貸借銘柄,,
6730-T,東証1部,アクセル,アクセル,電気機器,100,貸借銘柄,,
6737-T,東証1部,EIZO,ＥＩＺＯ,電気機器,100,貸借銘柄,,
6740-T,東証1部,ジャパンディスプレイ,ＪＤＩ,電気機器,100,貸借銘柄,,
6741-T,東証1部,日本信号,日信号,電気機器,100,貸借銘柄,,
6742-T,東証1部,京三製作所,京三製,電気機器,1000,貸借銘柄,,
6744-T,東証1部,能美防災,能美防災,電気機器,100,貸借銘柄,,
6745-T,東証1部,ホーチキ,ホーチキ,電気機器,100,貸借銘柄,,
6750-T,東証1部,エレコム,エレコム,電気機器,100,貸借銘柄,,
6751-T,東証1部,日本無線,日無線,電気機器,1000,貸借銘柄,,
6752-T,東証1部,パナソニック,パナソニック,電気機器,100,貸借銘柄/TOPIX100,1,
6753-T,東証1部,シャープ,シャープ,電気機器,1000,貸借銘柄,,
6754-T,東証1部,アンリツ,アンリツ,電気機器,100,貸借銘柄,,
6755-T,東証1部,富士通ゼネラル,富士通ゼ,電気機器,1000,貸借銘柄,,
6756-T,東証1部,日立国際電気,日立国際,電気機器,1000,貸借銘柄,,
6758-T,東証1部,ソニー,ソニー,電気機器,100,貸借銘柄/TOPIX100,1,
6762-T,東証1部,TDK,ＴＤＫ,電気機器,100,貸借銘柄,,
6763-T,東証1部,帝国通信工業,帝通工,電気機器,1000,貸借銘柄,,
6767-T,東証1部,ミツミ電機,ミツミ電,電気機器,100,貸借銘柄,,
6768-T,東証1部,タムラ製作所,タムラ製,電気機器,1000,貸借銘柄,,
6770-T,東証1部,アルプス電気,アルプス電,電気機器,100,貸借銘柄,,
6771-T,東証1部,池上通信機,池上通,電気機器,1000,貸借銘柄,,
6773-T,東証1部,パイオニア,パイオニア,電気機器,100,貸借銘柄,,
6779-T,東証1部,日本電波工業,日電波,電気機器,100,制度信用銘柄,,
6785-T,東証1部,鈴木,鈴木,電気機器,100,制度信用銘柄,,
6788-T,東証1部,日本トリム,日本トリム,電気機器,100,貸借銘柄,,
6789-T,東証1部,ローランド ディー.ジー.,ローランドＤＧ,電気機器,100,貸借銘柄,,
6791-T,東証1部,日本コロムビア,コロムビア,情報・通信業,100,貸借銘柄,,
6794-T,東証1部,フォスター電機,フォスター電,電気機器,100,貸借銘柄,,
6796-T,東証1部,クラリオン,クラリオン,電気機器,1000,貸借銘柄,,
6798-T,東証1部,SMK,ＳＭＫ,電気機器,1000,貸借銘柄,,
6800-T,東証1部,ヨコオ,ヨコオ,電気機器,100,貸借銘柄,,
6801-T,東証1部,東光,東光,電気機器,1000,貸借銘柄,,
6803-T,東証1部,ティアック,ティアック,電気機器,1000,貸借銘柄,,
6804-T,東証1部,ホシデン,ホシデン,電気機器,100,貸借銘柄,,
6806-T,東証1部,ヒロセ電機,ヒロセ電,電気機器,100,貸借銘柄,,
6807-T,東証1部,日本航空電子工業,航空電子,電気機器,1000,貸借銘柄,,
6809-T,東証1部,TOA,ＴＯＡ,電気機器,100,貸借銘柄,,
6810-T,東証1部,日立マクセル,日立マクセル,電気機器,100,貸借銘柄,,
6814-T,東証1部,古野電気,古野電気,電気機器,100,貸借銘柄,,
6815-T,東証1部,ユニデン,ユニデン,電気機器,1000,貸借銘柄,,
6816-T,東証1部,アルパイン,アルパイン,電気機器,100,貸借銘柄,,
6817-T,東証1部,スミダコーポレーション,スミダ,電気機器,100,貸借銘柄,,
6820-T,東証1部,アイコム,アイコム,電気機器,100,貸借銘柄,,
6823-T,東証1部,リオン,リオン,電気機器,100,貸借銘柄,,
6839-T,東証1部,船井電機,船井電機,電気機器,100,貸借銘柄,,
6841-T,東証1部,横河電機,横河電,電気機器,100,貸借銘柄,,
6844-T,東証1部,新電元工業,新電元,電気機器,1000,貸借銘柄,,
6845-T,東証1部,アズビル,アズビル,電気機器,100,貸借銘柄,,
6848-T,東証1部,東亜ディーケーケー,東亜ディーケーケー,電気機器,100,貸借銘柄,,
6849-T,東証1部,日本光電工業,日本光電,電気機器,100,貸借銘柄,,
6850-T,東証1部,チノー,チノー,電気機器,100,貸借銘柄,,
6853-T,東証1部,共和電業,共和電,電気機器,100,制度信用銘柄,,
6855-T,東証1部,日本電子材料,電子材料,電気機器,100,貸借銘柄,,
6856-T,東証1部,堀場製作所,堀場製,電気機器,100,貸借銘柄,,
6857-T,東証1部,アドバンテスト,アドバンテス,電気機器,100,貸借銘柄,,
6858-T,東証1部,小野測器,小野測器,電気機器,100,制度信用銘柄,,
6859-T,東証1部,エスペック,エスペック,電気機器,100,貸借銘柄,,
6860-T,東証1部,パナソニック デバイスSUNX,パナＳＵＮＸ,電気機器,100,貸借銘柄,,
6861-T,東証1部,キーエンス,キーエンス,電気機器,100,貸借銘柄/TOPIX100,1,
6866-T,東証1部,日置電機,日置電,電気機器,100,制度信用銘柄,,
6869-T,東証1部,シスメックス,シスメックス,電気機器,100,貸借銘柄,,
6875-T,東証1部,メガチップス,メガチップス,電気機器,100,貸借銘柄,,
6877-T,東証1部,OBARA GROUP,ＯＢＡＲＡ−Ｇ,電気機器,100,貸借銘柄,,
6879-T,東証1部,イマジカ・ロボット ホールディングス,イマジカロボットＨＤ,情報・通信業,100,貸借銘柄,,
6901-T,東証1部,澤藤電機,沢藤電,電気機器,1000,貸借銘柄,,
6902-T,東証1部,デンソー,デンソー,輸送用機器,100,貸借銘柄/TOPIX100,1,
6905-T,東証1部,コーセル,コーセル,電気機器,100,貸借銘柄,,
6911-T,東証1部,新日本無線,新日無,電気機器,1000,貸借銘柄,,
6914-T,東証1部,オプテックス,オプテックス,電気機器,100,貸借銘柄,,
6915-T,東証1部,千代田インテグレ,千代インテ,電気機器,100,貸借銘柄,,
6920-T,東証1部,レーザーテック,レーザーテック,電気機器,100,制度信用銘柄,,
6923-T,東証1部,スタンレー電気,スタンレー電,電気機器,100,貸借銘柄,,
6924-T,東証1部,岩崎電気,岩崎電,電気機器,1000,貸借銘柄,,
6925-T,東証1部,ウシオ電機,ウシオ電,電気機器,100,貸借銘柄,,
6926-T,東証1部,岡谷電機産業,ＯＫＡＹＡ,電気機器,100,貸借銘柄,,
6927-T,東証1部,ヘリオス テクノ ホールディング,ヘリオステクノＨ,電気機器,100,制度信用銘柄,,
6929-T,東証1部,日本セラミック,日セラミック,電気機器,100,貸借銘柄,,
6932-T,東証1部,遠藤照明,遠藤照明,電気機器,100,貸借銘柄,,
6935-T,東証1部,日本デジタル研究所,日デジタル,電気機器,100,貸借銘柄,,
6937-T,東証1部,古河電池,古河電池,電気機器,1000,制度信用銘柄,,
6938-T,東証1部,双信電機,双信電機,電気機器,100,制度信用銘柄,,
6941-T,東証1部,山一電機,山一電機,電気機器,100,貸借銘柄,,
6947-T,東証1部,図研,図研,電気機器,100,貸借銘柄,,
6951-T,東証1部,日本電子,日電子,電気機器,1000,貸借銘柄,,
6952-T,東証1部,カシオ計算機,カシオ計,電気機器,100,貸借銘柄,,
6954-T,東証1部,ファナック,ファナック,電気機器,100,貸借銘柄/TOPIX100,1,
6958-T,東証1部,日本シイエムケイ,ＣＭＫ,電気機器,100,貸借銘柄,,
6961-T,東証1部,エンプラス,エンプラス,電気機器,100,貸借銘柄,,
6962-T,東証1部,大真空,大真空,電気機器,1000,貸借銘柄,,
6963-T,東証1部,ローム,ロ—ム,電気機器,100,貸借銘柄,,
6965-T,東証1部,浜松ホトニクス,浜松ホトニク,電気機器,100,貸借銘柄,,
6966-T,東証1部,三井ハイテック,三井ハイテク,電気機器,100,貸借銘柄,,
6967-T,東証1部,新光電気工業,新光電工,電気機器,100,貸借銘柄,,
6971-T,東証1部,京セラ,京セラ,電気機器,100,貸借銘柄/TOPIX100,1,
6973-T,東証1部,協栄産業,協栄産,卸売業,1000,制度信用銘柄,,
6976-T,東証1部,太陽誘電,太陽誘電,電気機器,100,貸借銘柄,,
6981-T,東証1部,村田製作所,村田製,電気機器,100,貸借銘柄/TOPIX100,1,
6985-T,東証1部,ユーシン,ユーシン,電気機器,100,貸借銘柄,,
6986-T,東証1部,双葉電子工業,双葉電子,電気機器,100,貸借銘柄,,
6988-T,東証1部,日東電工,日東電,化学,100,貸借銘柄/TOPIX100,1,
6989-T,東証1部,北陸電気工業,北電工業,電気機器,1000,貸借銘柄,,
6995-T,東証1部,東海理化電機製作所,東海理電,輸送用機器,100,貸借銘柄,,
6996-T,東証1部,ニチコン,ニチコン,電気機器,100,貸借銘柄,,
6997-T,東証1部,日本ケミコン,日ケミコン,電気機器,1000,貸借銘柄,,
6999-T,東証1部,KOA,ＫＯＡ,電気機器,100,貸借銘柄,,
7003-T,東証1部,三井造船,三井造,輸送用機器,1000,貸借銘柄,,
7004-T,東証1部,日立造船,日立造,機械,100,貸借銘柄,,
7011-T,東証1部,三菱重工業,三菱重,機械,1000,貸借銘柄/TOPIX100,1,
7012-T,東証1部,川崎重工業,川崎重,輸送用機器,1000,貸借銘柄,,
7013-T,東証1部,IHI,ＩＨＩ,機械,1000,貸借銘柄,,
7014-T,東証1部,名村造船所,名村造船,輸送用機器,100,貸借銘柄,,
7022-T,東証1部,サノヤスホールディングス,サノヤスＨＤ,輸送用機器,100,貸借銘柄,,
7102-T,東証1部,日本車輌製造,日車輌,輸送用機器,1000,貸借銘柄,,
7105-T,東証1部,ニチユ三菱フォークリフト,ニチユ三菱,輸送用機器,100,貸借銘柄,,
7122-T,東証1部,近畿車輛,近畿車輌,輸送用機器,1000,貸借銘柄,,
7148-T,東証1部,FPG,ＦＰＧ,証券商品先物,100,貸借銘柄,,
7150-T,東証1部,島根銀行,島根銀行,銀行業,100,貸借銘柄,,
7161-T,東証1部,じもとホールディングス,じもとＨＤ,銀行業,100,貸借銘柄,,
7164-T,東証1部,全国保証,全国保証,その他金融業,100,貸借銘柄,,
7167-T,東証1部,足利ホールディングス,足利ホールディングス,銀行業,100,貸借銘柄,,
7173-T,東証1部,東京TYフィナンシャルグループ,東京ＴＹＦＧ,銀行業,100,貸借銘柄,,
7201-T,東証1部,日産自動車,日産自,輸送用機器,100,貸借銘柄/TOPIX100,1,
7202-T,東証1部,いすゞ自動車,いすゞ自,輸送用機器,100,貸借銘柄/TOPIX100,1,
7203-T,東証1部,トヨタ自動車,トヨタ自,輸送用機器,100,貸借銘柄/TOPIX100,1,
7205-T,東証1部,日野自動車,日野自,輸送用機器,100,貸借銘柄,,
7211-T,東証1部,三菱自動車工業,三菱自,輸送用機器,100,貸借銘柄,,
7212-T,東証1部,エフテック,エフテック,輸送用機器,100,貸借銘柄,,
7213-T,東証1部,レシップホールディングス,レシップＨＤ,輸送用機器,100,貸借銘柄,,
7214-T,東証1部,GMB,ＧＭＢ,輸送用機器,100,貸借銘柄,,
7215-T,東証1部,ファルテック,ファルテック,輸送用機器,100,制度信用銘柄,,
7220-T,東証1部,武蔵精密工業,武蔵精密,輸送用機器,100,貸借銘柄,,
7222-T,東証1部,日産車体,日産車体,輸送用機器,100,貸借銘柄,,
7224-T,東証1部,新明和工業,新明和工,輸送用機器,1000,貸借銘柄,,
7226-T,東証1部,極東開発工業,極東開,輸送用機器,100,貸借銘柄,,
7230-T,東証1部,日信工業,日信工業,輸送用機器,100,貸借銘柄,,
7231-T,東証1部,トピー工業,トピー工,輸送用機器,1000,貸借銘柄,,
7236-T,東証1部,ティラド,ティラド,輸送用機器,1000,貸借銘柄,,
7238-T,東証1部,曙ブレーキ工業,曙ブレーキ,輸送用機器,100,貸借銘柄,,
7239-T,東証1部,タチエス,タチエス,輸送用機器,100,貸借銘柄,,
7240-T,東証1部,NOK,ＮＯＫ,輸送用機器,100,貸借銘柄,,
7241-T,東証1部,フタバ産業,フタバ産,輸送用機器,100,貸借銘柄,,
7242-T,東証1部,カヤバ工業,ＫＹＢ,輸送用機器,1000,貸借銘柄,,
7243-T,東証1部,シロキ工業,シロキ,輸送用機器,1000,貸借銘柄,,
7244-T,東証1部,市光工業,市光工,電気機器,1000,貸借銘柄,,
7245-T,東証1部,大同メタル工業,大同メタル,輸送用機器,100,貸借銘柄,,
7246-T,東証1部,プレス工業,プレス工,輸送用機器,100,貸借銘柄,,
7247-T,東証1部,ミクニ,ミクニ,輸送用機器,100,制度信用銘柄,,
7248-T,東証1部,カルソニックカンセイ,カルソカンセ,輸送用機器,1000,貸借銘柄,,
7250-T,東証1部,太平洋工業,太平洋工,輸送用機器,100,貸借銘柄,,
7251-T,東証1部,ケーヒン,ケーヒン,輸送用機器,100,貸借銘柄,,
7256-T,東証1部,河西工業,河西工,輸送用機器,100,貸借銘柄,,
7259-T,東証1部,アイシン精機,アイシン精機,輸送用機器,100,貸借銘柄,,
7260-T,東証1部,富士機工,富士機工,輸送用機器,100,制度信用銘柄,,
7261-T,東証1部,マツダ,マツダ,輸送用機器,100,貸借銘柄/TOPIX100,1,
7262-T,東証1部,ダイハツ工業,ダイハツ工,輸送用機器,100,貸借銘柄,,
7266-T,東証1部,今仙電機製作所,今仙電機,輸送用機器,100,貸借銘柄,,
7267-T,東証1部,本田技研工業,ホンダ,輸送用機器,100,貸借銘柄/TOPIX100,1,
7269-T,東証1部,スズキ,スズキ,輸送用機器,100,貸借銘柄/TOPIX100,1,
7270-T,東証1部,富士重工業,富士重,輸送用機器,100,貸借銘柄/TOPIX100,1,
7271-T,東証1部,安永,安永,輸送用機器,100,制度信用銘柄,,
7272-T,東証1部,ヤマハ発動機,ヤマハ発,輸送用機器,100,貸借銘柄,,
7274-T,東証1部,ショーワ,ショーワ,輸送用機器,100,貸借銘柄,,
7276-T,東証1部,小糸製作所,小糸製,電気機器,100,貸借銘柄,,
7277-T,東証1部,TBK,ＴＢＫ,輸送用機器,100,貸借銘柄,,
7278-T,東証1部,エクセディ,エクセディ,輸送用機器,100,貸借銘柄,,
7280-T,東証1部,ミツバ,ミツバ,電気機器,100,貸借銘柄,,
7282-T,東証1部,豊田合成,豊田合,輸送用機器,100,貸借銘柄,,
7283-T,東証1部,愛三工業,愛三工,輸送用機器,100,貸借銘柄,,
7284-T,東証1部,盟和産業,盟和産,輸送用機器,1000,制度信用銘柄,,
7294-T,東証1部,ヨロズ,ヨロズ,輸送用機器,100,貸借銘柄,,
7296-T,東証1部,エフ・シー・シー,ＦＣＣ,輸送用機器,100,貸借銘柄,,
7305-T,東証1部,新家工業,新家工,鉄鋼,1000,貸借銘柄,,
7309-T,東証1部,シマノ,シマノ,輸送用機器,100,貸借銘柄,,
7312-T,東証1部,タカタ,タカタ,輸送用機器,100,貸借銘柄,,
7313-T,東証1部,テイ・エス テック,ＴＳテック,輸送用機器,100,貸借銘柄,,
7408-T,東証1部,ジャムコ,ジャムコ,輸送用機器,100,制度信用銘柄,,
7414-T,東証1部,小野建,小野建,卸売業,100,貸借銘柄,,
7416-T,東証1部,はるやま商事,はるやま,小売業,100,貸借銘柄,,
7420-T,東証1部,佐鳥電機,佐鳥電機,卸売業,100,貸借銘柄,,
7421-T,東証1部,カッパ・クリエイトホールディングス,カッパクリＨＤ,小売業,100,制度信用銘柄,,
7427-T,東証1部,エコートレーディング,エコーＴＤ,卸売業,100,貸借銘柄,,
7433-T,東証1部,伯東,伯東,卸売業,100,貸借銘柄,,
7438-T,東証1部,コンドーテック,コンドーテック,卸売業,100,貸借銘柄,,
7442-T,東証1部,中山福,中山福,卸売業,100,貸借銘柄,,
7445-T,東証1部,ライトオン,ライトオン,小売業,100,貸借銘柄,,
7447-T,東証1部,ナガイレーベン,ナガイレーベ,卸売業,100,貸借銘柄,,
7448-T,東証1部,ジーンズメイト,ジンズメイト,小売業,100,制度信用銘柄,,
7451-T,東証1部,三菱食品,三菱食品,卸売業,100,貸借銘柄,,
7453-T,東証1部,良品計画,良品計画,小売業,100,貸借銘柄,,
7455-T,東証1部,三城ホールディングス,三城ＨＤ,小売業,100,貸借銘柄,,
7456-T,東証1部,松田産業,松田産,卸売業,100,制度信用銘柄,,
7459-T,東証1部,メディパルホールディングス,メディパル,卸売業,100,貸借銘柄,,
7463-T,東証1部,アドヴァン,アドヴァン,卸売業,100,貸借銘柄,,
7466-T,東証1部,SPK,ＳＰＫ,卸売業,100,制度信用銘柄,,
7467-T,東証1部,萩原電気,萩原電気,卸売業,100,貸借銘柄,,
7475-T,東証1部,アルビス,アルビス,小売業,100,貸借銘柄,,
7476-T,東証1部,アズワン,アズワン,卸売業,100,貸借銘柄,,
7480-T,東証1部,スズデン,スズデン,卸売業,100,貸借銘柄,,
7481-T,東証1部,尾家産業,尾家産,卸売業,100,制度信用銘柄,,
7482-T,東証1部,シモジマ,シモジマ,卸売業,100,貸借銘柄,,
7483-T,東証1部,ドウシシャ,ドウシシャ,卸売業,100,貸借銘柄,,
7487-T,東証1部,小津産業,小津産業,卸売業,100,貸借銘柄,,
7494-T,東証1部,コナカ,コナカ,小売業,100,貸借銘柄,,
7504-T,東証1部,高速,高速,卸売業,100,貸借銘柄,,
7506-T,東証1部,ハウス オブ ローゼ,ハウスローゼ,小売業,100,貸借銘柄,,
7508-T,東証1部,G-7ホールディングス,ＧセブンＨＤ,小売業,100,貸借銘柄,,
7510-T,東証1部,たけびし,たけびし,卸売業,100,貸借銘柄,,
7512-T,東証1部,イオン北海道,イオン北海,小売業,100,貸借銘柄,,
7513-T,東証1部,コジマ,コジマ,小売業,100,貸借銘柄,,
7514-T,東証1部,ヒマラヤ,ヒマラヤ,小売業,100,制度信用銘柄,,
7516-T,東証1部,コーナン商事,コーナン商,小売業,100,貸借銘柄,,
7517-T,東証1部,黒田電気,黒田電,卸売業,100,貸借銘柄,,
7518-T,東証1部,ネットワンシステムズ,ネットワン,情報・通信業,100,貸借銘柄,,
7520-T,東証1部,エコス,エコス,小売業,100,制度信用銘柄,,
7522-T,東証1部,ワタミ,ワタミ,小売業,100,貸借銘柄,,
7524-T,東証1部,マルシェ,マルシェ,小売業,100,貸借銘柄,,
7532-T,東証1部,ドンキホーテホールディングス,ドンキホーテＨＤ,小売業,100,貸借銘柄,,
7537-T,東証1部,丸文,丸文,卸売業,100,貸借銘柄,,
7545-T,東証1部,西松屋チェーン,西松屋チェ,小売業,100,貸借銘柄,,
7550-T,東証1部,ゼンショーホールディングス,ゼンショーＨＤ,小売業,100,貸借銘柄,,
7552-T,東証1部,ハピネット,ハピネット,卸売業,100,貸借銘柄,,
7554-T,東証1部,幸楽苑,幸楽苑,小売業,100,貸借銘柄,,
7561-T,東証1部,ハークスレイ,ハークスレイ,小売業,100,貸借銘柄,,
7570-T,東証1部,橋本総業,橋本総業,卸売業,100,制度信用銘柄,,
7581-T,東証1部,サイゼリヤ,サイゼリヤ,小売業,100,貸借銘柄,,
7591-T,東証1部,エクセル,エクセル,卸売業,100,制度信用銘柄,,
7593-T,東証1部,VTホールディングス,ＶＴＨＤ,小売業,100,貸借銘柄,,
7594-T,東証1部,マルカキカイ,マルカキカイ,卸売業,100,制度信用銘柄,,
7595-T,東証1部,アルゴグラフィックス,アルゴグラフ,情報・通信業,100,制度信用銘柄,,
7596-T,東証1部,魚力,魚力,小売業,100,制度信用銘柄,,
7599-T,東証1部,ガリバーインターナショナル,ガリバー,卸売業,100,貸借銘柄,,
7600-T,東証1部,日本エム・ディ・エム,ＭＤＭ,卸売業,100,制度信用銘柄,,
7601-T,東証1部,ポプラ,ポプラ,小売業,100,貸借銘柄,,
7606-T,東証1部,ユナイテッドアローズ,Ｕアローズ,小売業,100,貸借銘柄,,
7607-T,東証1部,進和,進和,卸売業,100,制度信用銘柄,,
7608-T,東証1部,エスケイジャパン,ＳＫジャパン,卸売業,100,貸借銘柄,,
7609-T,東証1部,ダイトエレクトロン,ダイトエレク,卸売業,100,貸借銘柄,,
7611-T,東証1部,ハイデイ日高,ハイデ日高,小売業,100,貸借銘柄,,
7613-T,東証1部,シークス,シークス,卸売業,100,貸借銘柄,,
7615-T,東証1部,京都きもの友禅,京都友禅,小売業,100,貸借銘柄,,
7616-T,東証1部,コロワイド,コロワイド,小売業,100,貸借銘柄,,
7619-T,東証1部,田中商事,田中商事,卸売業,100,貸借銘柄,,
7628-T,東証1部,オーハシテクニカ,オーハシテクニカ,卸売業,100,貸借銘柄,,
7630-T,東証1部,壱番屋,壱番屋,小売業,100,貸借銘柄,,
7637-T,東証1部,白銅,白銅,卸売業,100,貸借銘柄,,
7640-T,東証1部,トップカルチャー,トップカルチャ,小売業,100,貸借銘柄,,
7646-T,東証1部,PLANT,ＰＬＡＮＴ,小売業,100,制度信用銘柄,,
7649-T,東証1部,スギホールディングス,スギＨＤ,小売業,100,貸借銘柄,,
7701-T,東証1部,島津製作所,島津製,精密機器,1000,貸借銘柄,,
7702-T,東証1部,JMS,ＪＭＳ,精密機器,1000,貸借銘柄,,
7709-T,東証1部,クボテック,クボテック,精密機器,100,貸借銘柄,,
7714-T,東証1部,ショットモリテックス,ショットモリテ,精密機器,100,制度信用銘柄,,
7715-T,東証1部,長野計器,長野計器,精密機器,100,貸借銘柄,,
7717-T,東証1部,ブイ・テクノロジー,Ｖテク,精密機器,100,貸借銘柄,,
7718-T,東証1部,スター精密,スター精密,電気機器,100,貸借銘柄,,
7721-T,東証1部,東京計器,東京計器,精密機器,1000,貸借銘柄,,
7723-T,東証1部,愛知時計電機,愛知時,精密機器,1000,貸借銘柄,,
7727-T,東証1部,オーバル,オーバル,精密機器,100,貸借銘柄,,
7729-T,東証1部,東京精密,東精密,精密機器,100,貸借銘柄,,
7730-T,東証1部,マニー,マニー,精密機器,100,貸借銘柄,,
7731-T,東証1部,ニコン,ニコン,精密機器,100,貸借銘柄,,
7732-T,東証1部,トプコン,トプコン,精密機器,100,貸借銘柄,,
7733-T,東証1部,オリンパス,オリンパス,精密機器,100,貸借銘柄,,
7734-T,東証1部,理研計器,理計器,精密機器,100,貸借銘柄,,
7735-T,東証1部,SCREENホールディングス,スクリン,電気機器,1000,貸借銘柄,,
7739-T,東証1部,キヤノン電子,キヤノン電子,電気機器,100,貸借銘柄,,
7740-T,東証1部,タムロン,タムロン,精密機器,100,貸借銘柄,,
7741-T,東証1部,HOYA,ＨＯＹＡ,精密機器,100,貸借銘柄/TOPIX100,1,
7744-T,東証1部,ノーリツ鋼機,ノーリツ鋼機,精密機器,100,貸借銘柄,,
7745-T,東証1部,エー・アンド・デイ,Ａ＆Ｄ,精密機器,100,貸借銘柄,,
7751-T,東証1部,キヤノン,キヤノン,電気機器,100,貸借銘柄/TOPIX100,1,
7752-T,東証1部,リコー,リコー,電気機器,100,貸借銘柄/TOPIX100,1,
7762-T,東証1部,シチズンホールディングス,シチズンＨＤ,精密機器,100,貸借銘柄,,
7769-T,東証1部,リズム時計工業,リズム時,精密機器,1000,貸借銘柄,,
7775-T,東証1部,大研医器,大研医器,精密機器,100,制度信用銘柄,,
7780-T,東証1部,メニコン,,精密機器,,,,
7817-T,東証1部,パラマウントベッドホールディングス,パラベッド,その他製品,100,貸借銘柄,,
7818-T,東証1部,トランザクション,トランザクション,その他製品,100,制度信用銘柄,,
7819-T,東証1部,SHO-BI,ＳＨＯ−ＢＩ,その他製品,100,貸借銘柄,,
7820-T,東証1部,ニホンフラッシュ,,その他製品,,,,
7821-T,東証1部,前田工繊,前田工繊,その他製品,100,貸借銘柄,,
7822-T,東証1部,永大産業,永大産業,その他製品,1000,貸借銘柄,,
7823-T,東証1部,アートネイチャー,アートネイチャー,その他製品,100,貸借銘柄,,
7825-T,東証1部,ダンロップスポーツ,ダンロップス,その他製品,100,貸借銘柄,,
7832-T,東証1部,バンダイナムコホールディングス,バンナムＨＤ,その他製品,100,貸借銘柄,,
7838-T,東証1部,共立印刷,共立印刷,その他製品,100,貸借銘柄,,
7840-T,東証1部,フランスベッドホールディングス,フラベッドＨ,その他製品,1000,貸借銘柄,,
7844-T,東証1部,マーベラス,マーベラス,情報・通信業,100,貸借銘柄,,
7846-T,東証1部,パイロットコーポレーション,パイロット,その他製品,100,貸借銘柄,,
7856-T,東証1部,萩原工業,萩原工業,その他製品,100,貸借銘柄,,
7860-T,東証1部,エイベックス・グループ・ホールディングス,エイベックス,情報・通信業,100,貸借銘柄,,
7862-T,東証1部,トッパン・フォームズ,トッパンフォー,その他製品,100,貸借銘柄,,
7864-T,東証1部,フジシールインターナショナル,フジシール,その他製品,100,貸借銘柄,,
7867-T,東証1部,タカラトミー,タカラトミー,その他製品,100,貸借銘柄,,
7868-T,東証1部,廣済堂,広済堂,その他製品,100,貸借銘柄,,
7872-T,東証1部,As-meエステール,Ａｓ−ｍｅエステール,その他製品,100,制度信用銘柄,,
7873-T,東証1部,アーク,アーク,その他製品,100,貸借銘柄,,
7874-T,東証1部,レック,レック,化学,100,制度信用銘柄,,
7885-T,東証1部,タカノ,タカノ,その他製品,100,貸借銘柄,,
7893-T,東証1部,プロネクサス,プロネクサス,その他製品,100,制度信用銘柄,,
7897-T,東証1部,ホクシン,ホクシン,その他製品,100,貸借銘柄,,
7898-T,東証1部,ウッドワン,ウッドワン,その他製品,1000,貸借銘柄,,
7905-T,東証1部,大建工業,大建工,その他製品,1000,貸借銘柄,,
7908-T,東証1部,KIMOTO,ＫＩＭＯＴＯ,化学,100,制度信用銘柄,,
7911-T,東証1部,凸版印刷,凸版印,その他製品,1000,貸借銘柄,,
7912-T,東証1部,大日本印刷,大日印,その他製品,1000,貸借銘柄/TOPIX100,1,
7913-T,東証1部,図書印刷,図書印,その他製品,1000,貸借銘柄,,
7914-T,東証1部,共同印刷,共同印,その他製品,1000,貸借銘柄,,
7915-T,東証1部,日本写真印刷,日写印,その他製品,100,貸借銘柄,,
7916-T,東証1部,光村印刷,光村印,その他製品,1000,貸借銘柄,,
7917-T,東証1部,藤森工業,藤森工業,化学,100,貸借銘柄,,
7921-T,東証1部,宝印刷,宝印刷,その他製品,100,貸借銘柄,,
7925-T,東証1部,前澤化成工業,前沢化成,化学,100,貸借銘柄,,
7936-T,東証1部,アシックス,アシックス,その他製品,100,貸借銘柄,,
7937-T,東証1部,ツツミ,ツツミ,その他製品,100,制度信用銘柄,,
7942-T,東証1部,JSP,ＪＳＰ,化学,100,貸借銘柄,,
7943-T,東証1部,ニチハ,ニチハ,ガラス土石製品,100,貸借銘柄,,
7947-T,東証1部,エフピコ,エフピコ,化学,100,貸借銘柄,,
7949-T,東証1部,小松ウオール工業,小松ウオール,その他製品,100,貸借銘柄,,
7951-T,東証1部,ヤマハ,ヤマハ,その他製品,100,貸借銘柄,,
7952-T,東証1部,河合楽器製作所,河合楽器,その他製品,100,貸借銘柄,,
7955-T,東証1部,クリナップ,クリナップ,その他製品,100,貸借銘柄,,
7956-T,東証1部,ピジョン,ピジョン,その他製品,100,貸借銘柄,,
7958-T,東証1部,天馬,天馬,化学,100,貸借銘柄,,
7961-T,東証1部,兼松日産農林,兼松日産,その他製品,1000,貸借銘柄,,
7962-T,東証1部,キングジム,キングジム,その他製品,100,貸借銘柄,,
7966-T,東証1部,リンテック,リンテック,その他製品,100,貸借銘柄,,
7968-T,東証1部,TASAKI,ＴＡＳＡＫＩ,その他製品,100,貸借銘柄,,
7970-T,東証1部,信越ポリマー,信越ポリマ,化学,100,貸借銘柄,,
7971-T,東証1部,東リ,東リ,化学,1000,貸借銘柄,,
7972-T,東証1部,イトーキ,イトーキ,その他製品,100,貸借銘柄,,
7974-T,東証1部,任天堂,任天堂,その他製品,100,貸借銘柄/TOPIX100,1,
7976-T,東証1部,三菱鉛筆,三菱鉛筆,その他製品,100,貸借銘柄,,
7979-T,東証1部,松風,松風,精密機器,100,貸借銘柄,,
7981-T,東証1部,タカラスタンダード,タカラスタン,その他製品,1000,貸借銘柄,,
7984-T,東証1部,コクヨ,コクヨ,その他製品,100,貸借銘柄,,
7987-T,東証1部,ナカバヤシ,ナカバヤシ,その他製品,1000,貸借銘柄,,
7988-T,東証1部,ニフコ,ニフコ,化学,100,貸借銘柄,,
7990-T,東証1部,グローブライド,グローブライ,その他製品,1000,貸借銘柄,,
7994-T,東証1部,岡村製作所,岡村製,その他製品,100,貸借銘柄,,
7995-T,東証1部,日本バルカー工業,日バルカー,化学,1000,貸借銘柄,,
7999-T,東証1部,MUTOHホールディングス,ＭＵＴＯＨ−ＨＤ,電気機器,1000,貸借銘柄,,
8001-T,東証1部,伊藤忠商事,伊藤忠,卸売業,100,貸借銘柄/TOPIX100,1,
8002-T,東証1部,丸紅,丸紅,卸売業,100,貸借銘柄/TOPIX100,1,
8005-T,東証1部,スクロール,スクロール,小売業,100,貸借銘柄,,
8007-T,東証1部,高島,高島,卸売業,1000,貸借銘柄,,
8008-T,東証1部,ヨンドシーホールディングス,４℃　ＨＤ,小売業,100,貸借銘柄,,
8011-T,東証1部,三陽商会,三陽商,繊維製品,1000,貸借銘柄,,
8012-T,東証1部,長瀬産業,長瀬産,卸売業,100,貸借銘柄,,
8013-T,東証1部,ナイガイ,ナイガイ,繊維製品,1000,貸借銘柄,,
8014-T,東証1部,蝶理,蝶理,卸売業,100,貸借銘柄,,
8015-T,東証1部,豊田通商,豊田通商,卸売業,100,貸借銘柄,,
8016-T,東証1部,オンワードホールディングス,オンワードＨＤ,繊維製品,1000,貸借銘柄,,
8018-T,東証1部,三共生興,三共生興,卸売業,100,貸借銘柄,,
8020-T,東証1部,兼松,兼松,卸売業,1000,貸借銘柄,,
8022-T,東証1部,美津濃,ミズノ,その他製品,1000,貸借銘柄,,
8025-T,東証1部,ツカモトコーポレーション,ツカモト,卸売業,1000,制度信用銘柄,,
8028-T,東証1部,ファミリーマート,ファミリーマート,小売業,100,貸借銘柄,,
8029-T,東証1部,ルック,ルック,繊維製品,1000,貸借銘柄,,
8031-T,東証1部,三井物産,三井物産,卸売業,100,貸借銘柄/TOPIX100,1,
8032-T,東証1部,日本紙パルプ商事,紙パル商,卸売業,1000,貸借銘柄,,
8035-T,東証1部,東京エレクトロン,東エレク,電気機器,100,貸借銘柄/TOPIX100,1,
8036-T,東証1部,日立ハイテクノロジーズ,日立ハイテク,卸売業,100,貸借銘柄,,
8037-T,東証1部,カメイ,カメイ,卸売業,100,貸借銘柄,,
8038-T,東証1部,東都水産,東都水,卸売業,1000,貸借銘柄,,
8041-T,東証1部,OUGホールディングス,ＯＵＧ　ＨＤ,卸売業,1000,貸借銘柄,,
8043-T,東証1部,スターゼン,スターゼン,卸売業,1000,貸借銘柄,,
8050-T,東証1部,セイコーホールディングス,セイコーＨＤ,精密機器,1000,貸借銘柄,,
8051-T,東証1部,山善,山善,卸売業,100,貸借銘柄,,
8052-T,東証1部,椿本興業,椿本興,卸売業,1000,貸借銘柄,,
8053-T,東証1部,住友商事,住友商,卸売業,100,貸借銘柄/TOPIX100,1,
8056-T,東証1部,日本ユニシス,日ユニシス,情報・通信業,100,貸借銘柄,,
8057-T,東証1部,内田洋行,内田洋行,卸売業,1000,貸借銘柄,,
8058-T,東証1部,三菱商事,三菱商事,卸売業,100,貸借銘柄/TOPIX100,1,
8059-T,東証1部,第一実業,第一実業,卸売業,1000,貸借銘柄,,
8060-T,東証1部,キヤノンマーケティングジャパン,キヤノンＭＪ,卸売業,100,貸借銘柄,,
8061-T,東証1部,西華産業,西華産,卸売業,1000,貸借銘柄,,
8065-T,東証1部,佐藤商事,佐藤商,卸売業,100,制度信用銘柄,,
8068-T,東証1部,菱洋エレクトロ,菱洋エレク,卸売業,100,貸借銘柄,,
8070-T,東証1部,東京産業,東京産,卸売業,100,貸借銘柄,,
8074-T,東証1部,ユアサ商事,ユアサ商,卸売業,100,貸借銘柄,,
8075-T,東証1部,神鋼商事,神鋼商,卸売業,1000,貸借銘柄,,
8077-T,東証1部,小林産業,小林産業,卸売業,100,貸借銘柄,,
8078-T,東証1部,阪和興業,阪和興,卸売業,1000,貸借銘柄,,
8081-T,東証1部,カナデン,カナデン,卸売業,100,制度信用銘柄,,
8084-T,東証1部,菱電商事,菱電商,卸売業,1000,貸借銘柄,,
8086-T,東証1部,ニプロ,ニプロ,精密機器,100,貸借銘柄,,
8087-T,東証1部,フルサト工業,フルサト,卸売業,100,貸借銘柄,,
8088-T,東証1部,岩谷産業,岩谷産,卸売業,1000,貸借銘柄,,
8089-T,東証1部,すてきナイスグループ,すてきＮ,卸売業,1000,貸借銘柄,,
8090-T,東証1部,昭光通商,昭光通商,卸売業,1000,貸借銘柄,,
8091-T,東証1部,ニチモウ,ニチモウ,卸売業,1000,貸借銘柄,,
8093-T,東証1部,極東貿易,極東貿易,卸売業,1000,貸借銘柄,,
8095-T,東証1部,イワキ,イワキ,卸売業,1000,貸借銘柄,,
8096-T,東証1部,兼松エレクトロニクス,兼松エレク,情報・通信業,100,貸借銘柄,,
8097-T,東証1部,三愛石油,三愛石,卸売業,1000,貸借銘柄,,
8098-T,東証1部,稲畑産業,稲畑産,卸売業,100,貸借銘柄,,
8101-T,東証1部,GSIクレオス,ＧＳＩクレオス,卸売業,1000,貸借銘柄,,
8103-T,東証1部,明和産業,明和産,卸売業,100,貸借銘柄,,
8107-T,東証1部,キムラタン,キムラタン,繊維製品,1000,貸借銘柄,,
8111-T,東証1部,ゴールドウイン,ゴルドウイン,繊維製品,1000,貸借銘柄,,
8113-T,東証1部,ユニ・チャーム,ユニチャーム,化学,100,貸借銘柄/TOPIX100,1,
8114-T,東証1部,デサント,デサント,繊維製品,100,貸借銘柄,,
8118-T,東証1部,キング,キング,繊維製品,100,貸借銘柄,,
8125-T,東証1部,ワキタ,ワキタ,卸売業,100,貸借銘柄,,
8127-T,東証1部,ヤマトインターナショナル,ヤマトインター,繊維製品,100,貸借銘柄,,
8129-T,東証1部,東邦ホールディングス,東邦ＨＤ,卸売業,100,貸借銘柄,,
8130-T,東証1部,サンゲツ,サンゲツ,卸売業,100,貸借銘柄,,
8131-T,東証1部,ミツウロコグループホールディングス,ミツウロコＧＨＤ,卸売業,100,貸借銘柄,,
8132-T,東証1部,シナネン,シナネン,卸売業,1000,貸借銘柄,,
8133-T,東証1部,伊藤忠エネクス,エネクス,卸売業,100,貸借銘柄,,
8136-T,東証1部,サンリオ,サンリオ,卸売業,100,貸借銘柄,,
8137-T,東証1部,サンワテクノス,サンワテクノス,卸売業,100,貸借銘柄,,
8140-T,東証1部,リョーサン,リョーサン,卸売業,100,貸借銘柄,,
8141-T,東証1部,新光商事,新光商,卸売業,100,貸借銘柄,,
8142-T,東証1部,トーホー,トーホー,卸売業,1000,貸借銘柄,,
8150-T,東証1部,三信電気,三信電気,卸売業,100,貸借銘柄,,
8151-T,東証1部,東陽テクニカ,東陽テクニカ,卸売業,100,貸借銘柄,,
8153-T,東証1部,モスフードサービス,モスフード,卸売業,100,貸借銘柄,,
8154-T,東証1部,加賀電子,加賀電子,卸売業,100,制度信用銘柄,,
8155-T,東証1部,三益半導体工業,三益半導,金属製品,100,貸借銘柄,,
8158-T,東証1部,ソーダニッカ,ソーダニッカ,卸売業,100,貸借銘柄,,
8159-T,東証1部,立花エレテック,立花エレ,卸売業,100,貸借銘柄,,
8160-T,東証1部,木曽路,木曽路,小売業,100,貸借銘柄,,
8163-T,東証1部,サトレストランシステムズ,サトＲＳ,小売業,100,貸借銘柄,,
8165-T,東証1部,千趣会,千趣会,小売業,100,貸借銘柄,,
8166-T,東証1部,タカキュー,タカキュー,小売業,100,貸借銘柄,,
8168-T,東証1部,ケーヨー,ケーヨー,小売業,100,貸借銘柄,,
8170-T,東証1部,アデランス,アデランス,その他製品,100,貸借銘柄,,
8173-T,東証1部,上新電機,上新電,小売業,1000,貸借銘柄,,
8174-T,東証1部,日本瓦斯,日瓦斯,小売業,100,貸借銘柄,,
8175-T,東証1部,ベスト電器,ベスト電,小売業,100,貸借銘柄,,
8179-T,東証1部,ロイヤルホールディングス,ロイヤルＨＤ,小売業,100,貸借銘柄,,
8181-T,東証1部,東天紅,東天紅,小売業,1000,制度信用銘柄,,
8182-T,東証1部,いなげや,いなげや,小売業,100,制度信用銘柄,,
8184-T,東証1部,島忠,島忠,小売業,100,貸借銘柄,,
8185-T,東証1部,チヨダ,チヨダ,小売業,100,貸借銘柄,,
8194-T,東証1部,ライフコーポレーション,ライフコーポ,小売業,100,制度信用銘柄,,
8200-T,東証1部,リンガーハット,リンガーハット,小売業,100,貸借銘柄,,
8201-T,東証1部,さが美,さが美,小売業,1000,制度信用銘柄,,
8203-T,東証1部,MrMax,ＭｒＭａｘ,小売業,100,貸借銘柄,,
8207-T,東証1部,テンアライド,テンアライド,小売業,100,制度信用銘柄,,
8214-T,東証1部,AOKIホールディングス,ＡＯＫＩ　ＨＤ,小売業,100,貸借銘柄,,
8217-T,東証1部,オークワ,オークワ,小売業,1000,貸借銘柄,,
8218-T,東証1部,コメリ,コメリ,小売業,100,貸借銘柄,,
8219-T,東証1部,青山商事,青山商,小売業,100,貸借銘柄,,
8227-T,東証1部,しまむら,しまむら,小売業,100,貸借銘柄,,
8229-T,東証1部,CFSコーポレーション,ＣＦＳ,小売業,100,貸借銘柄,,
8230-T,東証1部,はせがわ,はせがわ,小売業,100,貸借銘柄,,
8233-T,東証1部,高島屋,高島屋,小売業,1000,貸借銘柄,,
8237-T,東証1部,松屋,松屋,小売業,100,貸借銘柄,,
8242-T,東証1部,エイチ・ツー・オー リテイリング,Ｈ２Ｏリテイル,小売業,100,貸借銘柄,,
8244-T,東証1部,近鉄百貨店,近鉄百貨店,小売業,1000,貸借銘柄,,
8245-T,東証1部,丸栄,丸栄,小売業,1000,貸借銘柄,,
8248-T,東証1部,ニッセンホールディングス,ニッセンＨＤ,小売業,100,貸借銘柄,,
8251-T,東証1部,パルコ,パルコ,小売業,100,貸借銘柄,,
8252-T,東証1部,丸井グループ,丸井Ｇ,小売業,100,貸借銘柄,,
8253-T,東証1部,クレディセゾン,クレセゾン,その他金融業,100,貸借銘柄,,
8255-T,東証1部,アクシアル リテイリング,アクシアル,小売業,100,貸借銘柄,,
8260-T,東証1部,井筒屋,井筒屋,小売業,1000,貸借銘柄,,
8267-T,東証1部,イオン,イオン,小売業,100,貸借銘柄/TOPIX100,1,
8270-T,東証1部,ユニーグループ・ホールディングス,ユニーＧＨＤ,小売業,100,貸借銘柄,,
8273-T,東証1部,イズミ,イズミ,小売業,100,貸借銘柄,,
8274-T,東証1部,東武ストア,東武ストア,小売業,1000,貸借銘柄,,
8275-T,東証1部,フォーバル,フォーバル,卸売業,100,制度信用銘柄,,
8276-T,東証1部,平和堂,平和堂,小売業,100,貸借銘柄,,
8278-T,東証1部,フジ,フジ,小売業,100,貸借銘柄,,
8279-T,東証1部,ヤオコー,ヤオコー,小売業,100,貸借銘柄,,
8281-T,東証1部,ゼビオ,ゼビオ,小売業,100,貸借銘柄,,
8282-T,東証1部,ケーズホールディングス,ケーズＨＤ,小売業,100,貸借銘柄,,
8283-T,東証1部,Paltac,ＰＡＬＴＡＣ,卸売業,100,貸借銘柄,,
8285-T,東証1部,三谷産業,三谷産業,卸売業,100,貸借銘柄,,
8289-T,東証1部,Olympicグループ,ＯｌｙｍｐｉｃＧ,小売業,100,貸借銘柄,,
8291-T,東証1部,日産東京販売ホールディングス,日産東ＨＤ,小売業,100,貸借銘柄,,
8303-T,東証1部,新生銀行,新生銀,銀行業,1000,貸借銘柄,,
8304-T,東証1部,あおぞら銀行,あおぞら,銀行業,1000,貸借銘柄,,
8306-T,東証1部,三菱UFJフィナンシャル・グループ,三菱ＵＦＪ,銀行業,100,貸借銘柄/TOPIX100,1,
8308-T,東証1部,りそなホールディングス,りそなＨＤ,銀行業,100,貸借銘柄/TOPIX100,1,
8309-T,東証1部,三井住友トラスト・ホールディングス,三住トラスト,銀行業,1000,貸借銘柄/TOPIX100,1,
8316-T,東証1部,三井住友フィナンシャルグループ,三井住友,銀行業,100,貸借銘柄/TOPIX100,1,
8324-T,東証1部,第四銀行,第四銀,銀行業,1000,貸借銘柄,,
8325-T,東証1部,北越銀行,北越銀,銀行業,1000,貸借銘柄,,
8327-T,東証1部,西日本シティ銀行,西日シ銀,銀行業,1000,貸借銘柄,,
8331-T,東証1部,千葉銀行,千葉銀,銀行業,1000,貸借銘柄,,
8332-T,東証1部,横浜銀行,横浜銀,銀行業,1000,貸借銘柄/TOPIX100,1,
8333-T,東証1部,常陽銀行,常陽銀,銀行業,1000,貸借銘柄,,
8334-T,東証1部,群馬銀行,群馬銀,銀行業,1000,貸借銘柄,,
8336-T,東証1部,武蔵野銀行,武蔵野銀,銀行業,100,貸借銘柄,,
8337-T,東証1部,千葉興業銀行,千葉興銀,銀行業,100,貸借銘柄,,
8338-T,東証1部,筑波銀行,筑波銀行,銀行業,100,貸借銘柄,,
8341-T,東証1部,七十七銀行,七十七銀,銀行業,1000,貸借銘柄,,
8342-T,東証1部,青森銀行,青森銀,銀行業,1000,貸借銘柄,,
8343-T,東証1部,秋田銀行,秋田銀,銀行業,1000,貸借銘柄,,
8344-T,東証1部,山形銀行,山形銀,銀行業,1000,貸借銘柄,,
8345-T,東証1部,岩手銀行,岩手銀,銀行業,100,貸借銘柄,,
8346-T,東証1部,東邦銀行,東邦銀,銀行業,1000,貸借銘柄,,
8349-T,東証1部,東北銀行,東北銀,銀行業,1000,貸借銘柄,,
8350-T,東証1部,みちのく銀行,みち銀,銀行業,1000,貸借銘柄,,
8354-T,東証1部,ふくおかフィナンシャルグループ,ふくおか,銀行業,1000,貸借銘柄,,
8355-T,東証1部,静岡銀行,静岡銀,銀行業,1000,貸借銘柄,,
8356-T,東証1部,十六銀行,十六銀,銀行業,1000,貸借銘柄,,
8358-T,東証1部,スルガ銀行,スルガ銀,銀行業,100,貸借銘柄,,
8359-T,東証1部,八十二銀行,八十二銀,銀行業,1000,貸借銘柄,,
8360-T,東証1部,山梨中央銀行,山梨中銀,銀行業,1000,貸借銘柄,,
8361-T,東証1部,大垣共立銀行,大垣銀,銀行業,1000,貸借銘柄,,
8362-T,東証1部,福井銀行,福井銀,銀行業,1000,貸借銘柄,,
8363-T,東証1部,北國銀行,北国銀,銀行業,1000,貸借銘柄,,
8364-T,東証1部,清水銀行,清水銀,銀行業,100,貸借銘柄,,
8366-T,東証1部,滋賀銀行,滋賀銀,銀行業,1000,貸借銘柄,,
8367-T,東証1部,南都銀行,南都銀,銀行業,1000,貸借銘柄,,
8368-T,東証1部,百五銀行,百五銀,銀行業,1000,貸借銘柄,,
8369-T,東証1部,京都銀行,京都銀,銀行業,1000,貸借銘柄,,
8370-T,東証1部,紀陽銀行,紀陽銀行,銀行業,100,貸借銘柄,,
8374-T,東証1部,三重銀行,三重銀,銀行業,1000,貸借銘柄,,
8377-T,東証1部,ほくほくフィナンシャルグループ,ほくほく,銀行業,1000,貸借銘柄,,
8379-T,東証1部,広島銀行,広島銀,銀行業,1000,貸借銘柄,,
8381-T,東証1部,山陰合同銀行,山陰合銀,銀行業,1000,貸借銘柄,,
8382-T,東証1部,中国銀行,中国銀,銀行業,100,貸借銘柄,,
8383-T,東証1部,鳥取銀行,鳥取銀,銀行業,1000,貸借銘柄,,
8385-T,東証1部,伊予銀行,伊予銀,銀行業,100,貸借銘柄,,
8386-T,東証1部,百十四銀行,百十四銀,銀行業,1000,貸借銘柄,,
8387-T,東証1部,四国銀行,四国銀,銀行業,1000,貸借銘柄,,
8388-T,東証1部,阿波銀行,阿波銀,銀行業,1000,貸借銘柄,,
8390-T,東証1部,鹿児島銀行,鹿児島銀,銀行業,1000,貸借銘柄,,
8392-T,東証1部,大分銀行,大分銀,銀行業,1000,貸借銘柄,,
8393-T,東証1部,宮崎銀行,宮崎銀,銀行業,1000,貸借銘柄,,
8394-T,東証1部,肥後銀行,肥後銀,銀行業,1000,貸借銘柄,,
8395-T,東証1部,佐賀銀行,佐賀銀,銀行業,1000,貸借銘柄,,
8396-T,東証1部,十八銀行,十八銀,銀行業,1000,貸借銘柄,,
8397-T,東証1部,沖縄銀行,沖縄銀,銀行業,100,貸借銘柄,,
8399-T,東証1部,琉球銀行,琉球銀,銀行業,100,貸借銘柄,,
8410-T,東証1部,セブン銀行,セブン銀行,銀行業,100,貸借銘柄,,
8411-T,東証1部,みずほフィナンシャルグループ,みずほ,銀行業,100,貸借銘柄/TOPIX100,1,
8416-T,東証1部,高知銀行,高知銀行,銀行業,1000,貸借銘柄,,
8418-T,東証1部,山口フィナンシャルグループ,山口ＦＧ,銀行業,1000,貸借銘柄,,
8423-T,東証1部,アクリーティブ,アクリーティブ,その他金融業,100,貸借銘柄,,
8424-T,東証1部,芙蓉総合リース,芙蓉リース,その他金融業,100,貸借銘柄,,
8425-T,東証1部,興銀リース,興銀リース,その他金融業,100,貸借銘柄,,
8439-T,東証1部,東京センチュリーリース,ＴＣ−Ｌｅａｓｅ,その他金融業,100,貸借銘柄,,
8473-T,東証1部,SBIホールディングス,ＳＢＩ,証券商品先物,100,貸借銘柄,,
8511-T,東証1部,日本証券金融,日証金,その他金融業,100,貸借銘柄,,
8515-T,東証1部,アイフル,アイフル,その他金融業,100,貸借銘柄,,
8518-T,東証1部,日本アジア投資,アジア投資,証券商品先物,1000,制度信用銘柄,,
8519-T,東証1部,ポケットカード,ポケットＣ,その他金融業,100,貸借銘柄,,
8521-T,東証1部,長野銀行,長野銀,銀行業,1000,貸借銘柄,,
8522-T,東証1部,名古屋銀行,名古屋銀,銀行業,1000,貸借銘柄,,
8524-T,東証1部,北洋銀行,北洋銀行,銀行業,100,貸借銘柄,,
8527-T,東証1部,愛知銀行,愛知銀,銀行業,100,貸借銘柄,,
8529-T,東証1部,第三銀行,第三銀,銀行業,1000,貸借銘柄,,
8530-T,東証1部,中京銀行,中京銀,銀行業,1000,貸借銘柄,,
8536-T,東証1部,東日本銀行,東日本銀,銀行業,1000,貸借銘柄,,
8537-T,東証1部,大光銀行,大光銀,銀行業,1000,貸借銘柄,,
8541-T,東証1部,愛媛銀行,愛媛銀,銀行業,1000,貸借銘柄,,
8542-T,東証1部,トマト銀行,トマト銀,銀行業,1000,貸借銘柄,,
8543-T,東証1部,みなと銀行,みなと銀,銀行業,1000,貸借銘柄,,
8544-T,東証1部,京葉銀行,京葉銀,銀行業,1000,貸借銘柄,,
8545-T,東証1部,関西アーバン銀行,関西ア銀,銀行業,100,貸借銘柄,,
8550-T,東証1部,栃木銀行,栃木銀,銀行業,1000,貸借銘柄,,
8551-T,東証1部,北日本銀行,北日本銀,銀行業,100,貸借銘柄,,
8558-T,東証1部,東和銀行,東和銀,銀行業,1000,貸借銘柄,,
8562-T,東証1部,福島銀行,福島銀,銀行業,1000,貸借銘柄,,
8563-T,東証1部,大東銀行,大東銀,銀行業,1000,貸借銘柄,,
8566-T,東証1部,リコーリース,リコーリース,その他金融業,100,貸借銘柄,,
8570-T,東証1部,イオンフィナンシャルサービス,イオンＦＳ,その他金融業,100,貸借銘柄,,
8572-T,東証1部,アコム,アコム,その他金融業,100,貸借銘柄,,
8584-T,東証1部,ジャックス,ジャックス,その他金融業,1000,貸借銘柄,,
8585-T,東証1部,オリエントコーポレーション,オリコ,その他金融業,100,貸借銘柄,,
8586-T,東証1部,日立キャピタル,日立キャピ,その他金融業,100,貸借銘柄,,
8589-T,東証1部,アプラスフィナンシャル,アプラスＦ,その他金融業,100,貸借銘柄,,
8591-T,東証1部,オリックス,オリックス,その他金融業,100,貸借銘柄/TOPIX100,1,
8593-T,東証1部,三菱UFJリース,三菱Ｕリース,その他金融業,100,貸借銘柄,,
8595-T,東証1部,ジャフコ,ジャフコ,証券商品先物,100,貸借銘柄,,
8600-T,東証1部,トモニホールディングス,トモニＨＤ,銀行業,100,貸借銘柄,,
8601-T,東証1部,大和証券グループ本社,大和証Ｇ,証券商品先物,1000,貸借銘柄/TOPIX100,1,
8604-T,東証1部,野村ホールディングス,野村,証券商品先物,100,貸借銘柄/TOPIX100,1,
8609-T,東証1部,岡三証券グループ,岡三,証券商品先物,1000,貸借銘柄,,
8613-T,東証1部,丸三証券,丸三証,証券商品先物,100,貸借銘柄,,
8614-T,東証1部,東洋証券,東洋証,証券商品先物,1000,貸借銘柄,,
8616-T,東証1部,東海東京フィナンシャル・ホールディングス,東海東京,証券商品先物,100,貸借銘柄,,
8617-T,東証1部,光世証券,光世証,証券商品先物,1000,貸借銘柄,,
8622-T,東証1部,水戸証券,水戸証,証券商品先物,100,貸借銘柄,,
8624-T,東証1部,いちよし証券,いちよし,証券商品先物,100,貸借銘柄,,
8628-T,東証1部,松井証券,松井証,証券商品先物,100,貸借銘柄,,
8630-T,東証1部,損保ジャパン日本興亜ホールディングス,損保ＪＰＮＫ,保険業,100,貸借銘柄/TOPIX100,1,
8692-T,東証1部,だいこう証券ビジネス,だいこう,証券商品先物,100,貸借銘柄,,
8697-T,東証1部,日本取引所グループ,ＪＰＸ,その他金融業,100,貸借銘柄,,
8698-T,東証1部,マネックスグループ,マネックスＧ,証券商品先物,100,貸借銘柄,,
8703-T,東証1部,カブドットコム証券,ＫＡＢＵ．ＣＯＭ,証券商品先物,100,貸借銘柄,,
8706-T,東証1部,極東証券,極東証券,証券商品先物,100,貸借銘柄,,
8707-T,東証1部,岩井コスモホールディングス,岩井コスモ,証券商品先物,100,貸借銘柄,,
8708-T,東証1部,藍澤證券,アイザワ証,証券商品先物,100,貸借銘柄,,
8713-T,東証1部,フィデアホールディングス,フィデアＨＤ,銀行業,100,貸借銘柄,,
8714-T,東証1部,池田泉州ホールディングス,池田泉州,銀行業,100,貸借銘柄,,
8715-T,東証1部,アニコム ホールディングス,アニコム　ＨＤ,保険業,100,制度信用銘柄,,
8725-T,東証1部,MS&ADインシュアランスグループホールディングス,ＭＳ＆ＡＤ,保険業,100,貸借銘柄/TOPIX100,1,
8728-T,東証1部,マネースクウェアHD,Ｍ２ＨＤ,証券商品先物,100,制度信用銘柄,,
8729-T,東証1部,ソニーフィナンシャルホールディングス,ソニーＦＨ,保険業,100,貸借銘柄,,
8732-T,東証1部,マネーパートナーズグループ,マネパＧ,証券商品先物,100,貸借銘柄,,
8742-T,東証1部,小林洋行,小林洋行,証券商品先物,100,貸借銘柄,,
8750-T,東証1部,第一生命保険,第一生命,保険業,100,貸借銘柄/TOPIX100,1,
8766-T,東証1部,東京海上ホールディングス,東京海上,保険業,100,貸借銘柄/TOPIX100,1,
8771-T,東証1部,イー・ギャランティ,Ｅギャランティ,その他金融業,100,制度信用銘柄,,
8772-T,東証1部,アサックス,アサックス,その他金融業,100,制度信用銘柄,,
8793-T,東証1部,NECキャピタルソリューション,ＮＥＣキャピ,その他金融業,100,貸借銘柄,,
8795-T,東証1部,T&Dホールディングス,Ｔ＆ＤＨＤ,保険業,100,貸借銘柄/TOPIX100,1,
8801-T,東証1部,三井不動産,三井不,不動産業,1000,貸借銘柄/TOPIX100,1,
8802-T,東証1部,三菱地所,三菱地所,不動産業,1000,貸借銘柄/TOPIX100,1,
8803-T,東証1部,平和不動産,平和不,不動産業,100,貸借銘柄,,
8804-T,東証1部,東京建物,東建物,不動産業,1000,貸借銘柄,,
8806-T,東証1部,ダイビル,ダイビル,不動産業,100,貸借銘柄,,
8818-T,東証1部,京阪神ビルディング,京阪神ビ,不動産業,100,貸借銘柄,,
8830-T,東証1部,住友不動産,住友不,不動産業,1000,貸借銘柄/TOPIX100,1,
8835-T,東証1部,太平洋興発,太平洋発,卸売業,1000,貸借銘柄,,
8840-T,東証1部,大京,大京,不動産業,1000,貸借銘柄,,
8841-T,東証1部,テーオーシー,テーオーシー,不動産業,100,貸借銘柄,,
8842-T,東証1部,東京楽天地,楽天地,不動産業,1000,制度信用銘柄,,
8848-T,東証1部,レオパレス21,レオパレス２１,不動産業,100,制度信用銘柄,,
8850-T,東証1部,スターツコーポレーション,スターツ,不動産業,100,制度信用銘柄,,
8860-T,東証1部,フジ住宅,フジ住宅,不動産業,100,貸借銘柄,,
8864-T,東証1部,空港施設,空港施設,不動産業,100,制度信用銘柄,,
8869-T,東証1部,明和地所,明和地所,不動産業,100,貸借銘柄,,
8870-T,東証1部,住友不動産販売,住友販売,不動産業,100,貸借銘柄,,
8871-T,東証1部,ゴールドクレスト,ゴールドクレ,不動産業,100,貸借銘柄,,
8876-T,東証1部,リロ・ホールディング,リロＨＬＤ,サービス業,100,貸借銘柄,,
8877-T,東証1部,日本エスリード,エスリード,不動産業,100,貸借銘柄,,
8881-T,東証1部,日神不動産,日神不,不動産業,100,貸借銘柄,,
8897-T,東証1部,タカラレーベン,タカラレーベン,不動産業,100,貸借銘柄,,
8904-T,東証1部,サンヨーハウジング名古屋,サンヨーナゴヤ,不動産業,100,貸借銘柄,,
8905-T,東証1部,イオンモール,イオンモール,不動産業,100,貸借銘柄,,
8917-T,東証1部,ファースト住建,ファースト住建,不動産業,100,貸借銘柄,,
8918-T,東証1部,ランド,ランド,不動産業,100,制度信用銘柄,,
8920-T,東証1部,東祥,東祥,サービス業,100,貸借銘柄,,
8923-T,東証1部,トーセイ,トーセイ,不動産業,100,貸借銘柄,,
8928-T,東証1部,穴吹興産,穴吹興産,不動産業,1000,貸借銘柄,,
8933-T,東証1部,エヌ・ティ・ティ都市開発,ＮＴＴ都市,不動産業,100,貸借銘柄,,
8934-T,東証1部,サンフロンティア不動産,サンフロンティア,不動産業,100,貸借銘柄,,
8935-T,東証1部,エフ・ジェー・ネクスト,ＦＪネクスト,不動産業,100,貸借銘柄,,
8944-T,東証1部,ランドビジネス,ランビジネス,不動産業,100,制度信用銘柄,,
8999-T,東証1部,グランディハウス,グランディ,不動産業,100,制度信用銘柄,,
9001-T,東証1部,東武鉄道,東武,陸運業,1000,貸借銘柄,,
9003-T,東証1部,相鉄ホールディングス,相鉄ＨＤ,陸運業,1000,貸借銘柄,,
9005-T,東証1部,東京急行電鉄,東急,陸運業,1000,貸借銘柄,,
9006-T,東証1部,京浜急行電鉄,京急,陸運業,1000,貸借銘柄,,
9007-T,東証1部,小田急電鉄,小田急,陸運業,1000,貸借銘柄,,
9008-T,東証1部,京王電鉄,京王,陸運業,1000,貸借銘柄,,
9009-T,東証1部,京成電鉄,京成,陸運業,1000,貸借銘柄,,
9010-T,東証1部,富士急行,富士急,陸運業,1000,貸借銘柄,,
9014-T,東証1部,新京成電鉄,新京成,陸運業,1000,貸借銘柄,,
9020-T,東証1部,東日本旅客鉄道,ＪＲ東,陸運業,100,貸借銘柄/TOPIX100,1,
9021-T,東証1部,西日本旅客鉄道,ＪＲ西,陸運業,100,貸借銘柄/TOPIX100,1,
9022-T,東証1部,東海旅客鉄道,ＪＲ東海,陸運業,100,貸借銘柄/TOPIX100,1,
9024-T,東証1部,西武ホールディングス,西武ホールディングス,陸運業,100,貸借銘柄,,
9025-T,東証1部,鴻池運輸,鴻池運輸,陸運業,100,貸借銘柄,,
9031-T,東証1部,西日本鉄道,西鉄,陸運業,1000,貸借銘柄,,
9037-T,東証1部,ハマキョウレックス,ハマキョウ,陸運業,100,制度信用銘柄,,
9039-T,東証1部,サカイ引越センター,サカイ引越,陸運業,100,貸借銘柄,,
9041-T,東証1部,近鉄グループホールディングス,近鉄ＧＨＤ,陸運業,1000,貸借銘柄,,
9042-T,東証1部,阪急阪神ホールディングス,阪急阪神,陸運業,1000,貸借銘柄,,
9044-T,東証1部,南海電気鉄道,南海電鉄,陸運業,1000,貸借銘柄,,
9045-T,東証1部,京阪電気鉄道,京阪電鉄,陸運業,1000,貸借銘柄,,
9046-T,東証1部,神戸電鉄,神戸電鉄,陸運業,1000,貸借銘柄,,
9047-T,東証1部,名糖運輸,名糖運輸,陸運業,100,貸借銘柄,,
9048-T,東証1部,名古屋鉄道,名鉄,陸運業,1000,貸借銘柄,,
9052-T,東証1部,山陽電気鉄道,山陽電鉄,陸運業,1000,貸借銘柄,,
9058-T,東証1部,トランコム,トランコム,倉庫運輸関連,100,貸借銘柄,,
9062-T,東証1部,日本通運,日通,陸運業,1000,貸借銘柄,,
9064-T,東証1部,ヤマトホールディングス,ヤマトＨＤ,陸運業,100,貸借銘柄/TOPIX100,1,
9065-T,東証1部,山九,山九,陸運業,1000,貸借銘柄,,
9066-T,東証1部,日新,日新,倉庫運輸関連,1000,貸借銘柄,,
9067-T,東証1部,丸運,丸運,陸運業,100,制度信用銘柄,,
9068-T,東証1部,丸全昭和運輸,丸全運,陸運業,1000,貸借銘柄,,
9069-T,東証1部,センコー,センコー,陸運業,1000,貸借銘柄,,
9070-T,東証1部,トナミホールディングス,トナミＨＤ,陸運業,1000,貸借銘柄,,
9072-T,東証1部,日本梱包運輸倉庫,日梱運,陸運業,100,貸借銘柄,,
9074-T,東証1部,日本石油輸送,日石輸,陸運業,1000,貸借銘柄,,
9075-T,東証1部,福山通運,福山運,陸運業,1000,貸借銘柄,,
9076-T,東証1部,セイノーホールディングス,セイノーＨＤ,陸運業,100,貸借銘柄,,
9081-T,東証1部,神奈川中央交通,神奈中交,陸運業,1000,貸借銘柄,,
9086-T,東証1部,日立物流,日立物流,陸運業,100,貸借銘柄,,
9090-T,東証1部,丸和運輸機関,丸和運輸機関,陸運業,100,制度信用銘柄,,
9101-T,東証1部,日本郵船,郵船,海運業,1000,貸借銘柄,,
9104-T,東証1部,商船三井,商船三井,海運業,1000,貸借銘柄,,
9107-T,東証1部,川崎汽船,川崎船,海運業,1000,貸借銘柄,,
9110-T,東証1部,NSユナイテッド海運,ユナイテド海,海運業,1000,貸借銘柄,,
9115-T,東証1部,明治海運,明治海,海運業,100,制度信用銘柄,,
9119-T,東証1部,飯野海運,飯野海,海運業,100,貸借銘柄,,
9130-T,東証1部,共栄タンカー,共栄タンカー,海運業,1000,貸借銘柄,,
9132-T,東証1部,第一中央汽船,第一船,海運業,1000,貸借銘柄,,
9201-T,東証1部,日本航空,ＪＡＬ,空運業,100,貸借銘柄,,
9202-T,東証1部,ANAホールディングス,ＡＮＡ,空運業,1000,貸借銘柄/TOPIX100,1,
9232-T,東証1部,パスコ,パスコ,空運業,1000,貸借銘柄,,
9301-T,東証1部,三菱倉庫,三菱倉,倉庫運輸関連,1000,貸借銘柄,,
9302-T,東証1部,三井倉庫ホールディングス,三井倉ＨＤ,倉庫運輸関連,1000,貸借銘柄,,
9303-T,東証1部,住友倉庫,住友倉,倉庫運輸関連,1000,貸借銘柄,,
9304-T,東証1部,澁澤倉庫,渋沢倉,倉庫運輸関連,1000,貸借銘柄,,
9305-T,東証1部,ヤマタネ,ヤマタネ,卸売業,1000,貸借銘柄,,
9306-T,東証1部,東陽倉庫,東陽倉,倉庫運輸関連,1000,貸借銘柄,,
9308-T,東証1部,乾汽船,乾汽船,倉庫運輸関連,100,貸借銘柄,,
9310-T,東証1部,日本トランスシティ,トランスシティ,倉庫運輸関連,1000,貸借銘柄,,
9312-T,東証1部,ケイヒン,ケイヒン,倉庫運輸関連,1000,貸借銘柄,,
9319-T,東証1部,中央倉庫,中央倉庫,倉庫運輸関連,100,貸借銘柄,,
9324-T,東証1部,安田倉庫,安田倉,倉庫運輸関連,100,制度信用銘柄,,
9351-T,東証1部,東洋埠頭,洋埠頭,倉庫運輸関連,1000,貸借銘柄,,
9358-T,東証1部,宇徳,宇徳,倉庫運輸関連,100,制度信用銘柄,,
9364-T,東証1部,上組,上組,倉庫運輸関連,1000,貸借銘柄,,
9366-T,東証1部,サンリツ,サンリツ,倉庫運輸関連,100,貸借銘柄,,
9368-T,東証1部,キムラユニティー,キムラユニティー,倉庫運輸関連,100,貸借銘柄,,
9369-T,東証1部,キユーソー流通システム,キユソ流通,倉庫運輸関連,100,貸借銘柄,,
9370-T,東証1部,郵船ロジスティクス,郵船ロジ,倉庫運輸関連,100,貸借銘柄,,
9375-T,東証1部,近鉄エクスプレス,近鉄エクス,倉庫運輸関連,100,貸借銘柄,,
9380-T,東証1部,東海運,東海運,倉庫運輸関連,100,貸借銘柄,,
9381-T,東証1部,エーアイテイー,エーアイテイー,倉庫運輸関連,100,制度信用銘柄,,
9384-T,東証1部,内外トランスライン,内外トランスライン,倉庫運輸関連,100,貸借銘柄,,
9401-T,東証1部,東京放送ホールディングス,ＴＢＳＨＤ,情報・通信業,100,貸借銘柄,,
9404-T,東証1部,日本テレビホールディングス,日テレＨＤ,情報・通信業,100,貸借銘柄,,
9405-T,東証1部,朝日放送,朝日放送,情報・通信業,100,貸借銘柄,,
9409-T,東証1部,テレビ朝日ホールディングス,テレビ朝日ＨＤ,情報・通信業,100,貸借銘柄,,
9412-T,東証1部,スカパーJSATホールディングス,スカパーＪ,情報・通信業,100,貸借銘柄,,
9413-T,東証1部,テレビ東京ホールディングス,テレ東ＨＤ,情報・通信業,100,貸借銘柄,,
9414-T,東証1部,日本BS放送,ＢＳ１１,情報・通信業,100,貸借銘柄,,
9422-T,東証1部,コネクシオ,コネクシオ,情報・通信業,100,制度信用銘柄,,
9424-T,東証1部,日本通信,日本通信,情報・通信業,100,制度信用銘柄,,
9428-T,東証1部,クロップス,クロップス,情報・通信業,100,制度信用銘柄,,
9432-T,東証1部,日本電信電話,ＮＴＴ,情報・通信業,100,貸借銘柄/TOPIX100,1,
9433-T,東証1部,KDDI,ＫＤＤＩ,情報・通信業,100,貸借銘柄/TOPIX100,1,
9435-T,東証1部,光通信,光通信,情報・通信業,100,貸借銘柄,,
9437-T,東証1部,NTTドコモ,ＮＴＴドコモ,情報・通信業,100,貸借銘柄/TOPIX100,1,
9438-T,東証1部,エムティーアイ,エムティーアイ,情報・通信業,100,貸借銘柄,,
9449-T,東証1部,GMOインターネット,ＧＭＯ,情報・通信業,100,貸借銘柄,,
9468-T,東証1部,KADOKAWA・DWANGO,カドカワ・ドワンゴ,情報・通信業,100,貸借銘柄,,
9470-T,東証1部,学研ホールディングス,学研ＨＤ,情報・通信業,1000,貸借銘柄,,
9474-T,東証1部,ゼンリン,ゼンリン,情報・通信業,100,貸借銘柄,,
9475-T,東証1部,昭文社,昭文社,情報・通信業,100,貸借銘柄,,
9479-T,東証1部,インプレスホールディングス,インプレス,情報・通信業,100,貸借銘柄,,
9501-T,東証1部,東京電力,東電力,電気・ガス業,100,貸借銘柄,,
9502-T,東証1部,中部電力,中部電力,電気・ガス業,100,貸借銘柄/TOPIX100,1,
9503-T,東証1部,関西電力,関西電力,電気・ガス業,100,貸借銘柄/TOPIX100,1,
9504-T,東証1部,中国電力,中国電力,電気・ガス業,100,貸借銘柄,,
9505-T,東証1部,北陸電力,北陸電力,電気・ガス業,100,貸借銘柄,,
9506-T,東証1部,東北電力,東北電力,電気・ガス業,100,貸借銘柄,,
9507-T,東証1部,四国電力,四国電力,電気・ガス業,100,貸借銘柄,,
9508-T,東証1部,九州電力,九州電力,電気・ガス業,100,貸借銘柄,,
9509-T,東証1部,北海道電力,北海電力,電気・ガス業,100,貸借銘柄,,
9511-T,東証1部,沖縄電力,沖縄電力,電気・ガス業,100,貸借銘柄,,
9513-T,東証1部,電源開発,Ｊパワー,電気・ガス業,100,貸借銘柄,,
9531-T,東証1部,東京瓦斯,東瓦斯,電気・ガス業,1000,貸借銘柄/TOPIX100,1,
9532-T,東証1部,大阪瓦斯,大瓦斯,電気・ガス業,1000,貸借銘柄/TOPIX100,1,
9533-T,東証1部,東邦瓦斯,東邦瓦斯,電気・ガス業,1000,貸借銘柄,,
9534-T,東証1部,北海道瓦斯,北海瓦斯,電気・ガス業,1000,貸借銘柄,,
9535-T,東証1部,広島ガス,広島ガス,電気・ガス業,100,貸借銘柄,,
9536-T,東証1部,西部瓦斯,西部瓦斯,電気・ガス業,1000,貸借銘柄,,
9543-T,東証1部,静岡ガス,静岡ガス,電気・ガス業,100,貸借銘柄,,
9551-T,東証1部,メタウォーター,メタウォーター,電気・ガス業,100,制度信用銘柄,,
9600-T,東証1部,アイネット,アイネット,情報・通信業,100,貸借銘柄,,
9601-T,東証1部,松竹,松竹,情報・通信業,1000,貸借銘柄,,
9602-T,東証1部,東宝,東宝,情報・通信業,100,貸借銘柄,,
9603-T,東証1部,エイチ・アイ・エス,Ｈ．Ｉ．Ｓ．,サービス業,100,貸借銘柄,,
9605-T,東証1部,東映,東映,情報・通信業,1000,貸借銘柄,,
9607-T,東証1部,AOI Pro.,ＡＯＩ　Ｐｒｏ．,情報・通信業,100,貸借銘柄,,
9613-T,東証1部,エヌ・ティ・ティ・データ,ＮＴＴデータ,情報・通信業,100,貸借銘柄,,
9616-T,東証1部,共立メンテナンス,共立メンテ,サービス業,100,貸借銘柄,,
9619-T,東証1部,イチネンホールディングス,イチネンＨＤ,サービス業,100,貸借銘柄,,
9621-T,東証1部,建設技術研究所,建設技研,サービス業,100,貸借銘柄,,
9622-T,東証1部,スペース,スペース,サービス業,100,貸借銘柄,,
9627-T,東証1部,アインファーマシーズ,アインファーマ,小売業,100,貸借銘柄,,
9628-T,東証1部,燦ホールディングス,燦ＨＤ,サービス業,100,貸借銘柄,,
9629-T,東証1部,ピー・シー・エー,ピーシーエー,情報・通信業,100,制度信用銘柄,,
9632-T,東証1部,スバル興業,スバル興,サービス業,1000,制度信用銘柄,,
9633-T,東証1部,東京テアトル,テアトル,サービス業,1000,貸借銘柄,,
9671-T,東証1部,よみうりランド,よみランド,サービス業,1000,貸借銘柄,,
9672-T,東証1部,東京都競馬,都競馬,サービス業,1000,貸借銘柄,,
9675-T,東証1部,常磐興産,常磐興,サービス業,1000,貸借銘柄,,
9678-T,東証1部,カナモト,カナモト,サービス業,100,貸借銘柄,,
9681-T,東証1部,東京ドーム,東京ドーム,サービス業,1000,貸借銘柄,,
9682-T,東証1部,DTS,ＤＴＳ,情報・通信業,100,貸借銘柄,,
9684-T,東証1部,スクウェア・エニックス・ホールディングス,スクエニＨＤ,情報・通信業,100,貸借銘柄,,
9692-T,東証1部,シーイーシー,シーイーシー,情報・通信業,100,貸借銘柄,,
9697-T,東証1部,カプコン,カプコン,情報・通信業,100,貸借銘柄,,
9699-T,東証1部,西尾レントオール,西尾レントオール,サービス業,100,貸借銘柄,,
9702-T,東証1部,アイ・エス・ビー,アイエスビー,情報・通信業,100,貸借銘柄,,
9704-T,東証1部,アゴーラ・ホスピタリティー・グループ,アゴーラＨＧ,サービス業,1000,制度信用銘柄,,
9706-T,東証1部,日本空港ビルデング,日空ビル,不動産業,100,貸借銘柄,,
9715-T,東証1部,トランス・コスモス,トランスコスモス,サービス業,100,貸借銘柄,,
9716-T,東証1部,乃村工藝社,乃村工芸,サービス業,100,貸借銘柄,,
9717-T,東証1部,ジャステック,ジャステック,情報・通信業,100,貸借銘柄,,
9719-T,東証1部,SCSK,ＳＣＳＫ,情報・通信業,100,貸借銘柄,,
9722-T,東証1部,藤田観光,藤田観,サービス業,1000,貸借銘柄,,
9726-T,東証1部,KNT-CTホールディングス,ＫＮＴＣＴ,サービス業,1000,貸借銘柄,,
9728-T,東証1部,日本管財,日本管財,サービス業,100,貸借銘柄,,
9729-T,東証1部,トーカイ,トーカイ,サービス業,100,貸借銘柄,,
9731-T,東証1部,白洋舎,白洋舎,サービス業,1000,制度信用銘柄,,
9735-T,東証1部,セコム,セコム,サービス業,100,貸借銘柄/TOPIX100,1,
9739-T,東証1部,日本システムウエア,ＮＳＷ,情報・通信業,100,制度信用銘柄,,
9740-T,東証1部,セントラル警備保障,ＣＳＰ,サービス業,100,貸借銘柄,,
9742-T,東証1部,アイネス,アイネス,情報・通信業,100,貸借銘柄,,
9743-T,東証1部,丹青社,丹青社,サービス業,100,貸借銘柄,,
9744-T,東証1部,メイテック,メイテック,サービス業,100,貸借銘柄,,
9746-T,東証1部,TKC,ＴＫＣ,情報・通信業,100,貸借銘柄,,
9747-T,東証1部,アサツー ディ・ケイ,アサツーＤＫ,サービス業,100,貸借銘柄,,
9749-T,東証1部,富士ソフト,富士ソフト,情報・通信業,100,貸借銘柄,,
9755-T,東証1部,応用地質,応用地質,サービス業,100,貸借銘柄,,
9757-T,東証1部,船井総研ホールディングス,船井総研ＨＤ,サービス業,100,貸借銘柄,,
9759-T,東証1部,NSD,ＮＳＤ,情報・通信業,100,貸借銘柄,,
9760-T,東証1部,進学会,進学会,サービス業,100,貸借銘柄,,
9763-T,東証1部,丸紅建材リース,丸紅リース,卸売業,1000,貸借銘柄,,
9766-T,東証1部,コナミ,コナミ,情報・通信業,100,貸借銘柄,,
9783-T,東証1部,ベネッセホールディングス,ベネッセＨＤ,サービス業,100,貸借銘柄,,
9787-T,東証1部,イオンディライト,イオンディライ,サービス業,100,貸借銘柄,,
9788-T,東証1部,ナック,ナック,サービス業,100,貸借銘柄,,
9790-T,東証1部,福井コンピュータホールディングス,福井コンピ,情報・通信業,100,貸借銘柄,,
9792-T,東証1部,ニチイ学館,ニチイ学館,サービス業,100,貸借銘柄,,
9793-T,東証1部,ダイセキ,ダイセキ,サービス業,100,貸借銘柄,,
9795-T,東証1部,ステップ,ステップ,サービス業,100,貸借銘柄,,
9810-T,東証1部,日鉄住金物産,日鉄住金物産,卸売業,1000,貸借銘柄,,
9828-T,東証1部,元気寿司,元気寿司,小売業,100,貸借銘柄,,
9830-T,東証1部,トラスコ中山,トラスコ中山,卸売業,100,貸借銘柄,,
9831-T,東証1部,ヤマダ電機,ヤマダ電機,小売業,100,貸借銘柄,,
9832-T,東証1部,オートバックスセブン,オートバックス,卸売業,100,貸借銘柄,,
9842-T,東証1部,アークランドサカモト,アークランド,小売業,100,貸借銘柄,,
9843-T,東証1部,ニトリホールディングス,ニトリＨＤ,小売業,100,貸借銘柄,,
9850-T,東証1部,グルメ杵屋,グルメ杵屋,小売業,1000,貸借銘柄,,
9854-T,東証1部,愛眼,愛眼,小売業,100,貸借銘柄,,
9856-T,東証1部,ケーユーホールディングス,ケーユーＨＤ,小売業,100,貸借銘柄,,
9861-T,東証1部,吉野家ホールディングス,吉野家ＨＤ,小売業,100,貸借銘柄,,
9869-T,東証1部,加藤産業,加藤産業,卸売業,100,貸借銘柄,,
9880-T,東証1部,イノテック,イノテック,卸売業,100,制度信用銘柄,,
9882-T,東証1部,イエローハット,イエローハット,卸売業,100,貸借銘柄,,
9887-T,東証1部,松屋フーズ,松屋フーズ,小売業,100,貸借銘柄,,
9889-T,東証1部,JBCCホールディングス,ＪＢＣＣ　ＨＤ,情報・通信業,100,貸借銘柄,,
9896-T,東証1部,JKホールディングス,ＪＫＨＤ,卸売業,100,貸借銘柄,,
9900-T,東証1部,サガミチェーン,サガミチェーン,小売業,1000,貸借銘柄,,
9902-T,東証1部,日伝,日伝,卸売業,100,貸借銘柄,,
9919-T,東証1部,関西スーパーマーケット,関西スーパ,小売業,100,貸借銘柄,,
9928-T,東証1部,ミロク情報サービス,ミロク情報,情報・通信業,100,貸借銘柄,,
9930-T,東証1部,北沢産業,北沢産業,卸売業,100,貸借銘柄,,
9932-T,東証1部,杉本商事,杉本商事,卸売業,100,制度信用銘柄,,
9934-T,東証1部,因幡電機産業,因幡電産,卸売業,100,貸借銘柄,,
9936-T,東証1部,王将フードサービス,王将フード,小売業,100,貸借銘柄,,
9945-T,東証1部,プレナス,プレナス,小売業,100,貸借銘柄,,
9946-T,東証1部,ミニストップ,ミニストップ,小売業,100,貸借銘柄,,
9948-T,東証1部,アークス,アークス,小売業,100,貸借銘柄,,
9956-T,東証1部,バロー,バロー,小売業,100,貸借銘柄,,
9957-T,東証1部,バイテック,バイテック,卸売業,100,貸借銘柄,,
9962-T,東証1部,ミスミグループ本社,ミスミＧ,卸売業,100,貸借銘柄,,
9966-T,東証1部,藤久,藤久,小売業,100,制度信用銘柄,,
9972-T,東証1部,アルテック,アルテック,卸売業,100,貸借銘柄,,
9974-T,東証1部,ベルク,ベルク,小売業,100,制度信用銘柄,,
9979-T,東証1部,大庄,大庄,小売業,100,貸借銘柄,,
9982-T,東証1部,タキヒヨー,タキヒヨー,卸売業,1000,貸借銘柄,,
9983-T,東証1部,ファーストリテイリング,ファーストリテ,小売業,100,貸借銘柄/TOPIX100,1,
9984-T,東証1部,ソフトバンク,ソフトバンク,情報・通信業,100,貸借銘柄/TOPIX100,1,1
9986-T,東証1部,蔵王産業,蔵王産業,卸売業,100,制度信用銘柄,,
9987-T,東証1部,スズケン,スズケン,卸売業,100,貸借銘柄,,
9989-T,東証1部,サンドラッグ,サンドラッグ,小売業,100,貸借銘柄,,
9990-T,東証1部,サックスバー ホールディングス,サックスバーＨＤ,小売業,100,貸借銘柄,,
9991-T,東証1部,ジェコス,ジェコス,卸売業,100,貸借銘柄,,
9993-T,東証1部,ヤマザワ,ヤマザワ,小売業,100,制度信用銘柄,,
9994-T,東証1部,やまや,やまや,小売業,100,貸借銘柄,,
9995-T,東証1部,ルネサスイーストン,イーストン,卸売業,100,制度信用銘柄,,
9997-T,東証1部,ベルーナ,ベルーナ,小売業,100,貸借銘柄,,